PhilipGreen,7.5
NikolaiKryukov,7.9
AngeloFrancescoLavagnino,6.6000000000000005
LouisSaguer,7.3
,7.460378548895895
MartialSolal,7.9
TakanobuSaitô,7.8999999999999995
MalcolmArnold,6.9
AdolphDeutsch,8.3
GiovanniFusco,7.55
MiguelAsinsArbó,7.833333333333333
JohnDankworth,6.925
MaxSteiner,6.8
AndréPrevin,7.5
HenryMancini,7.164705882352941
LeithStevens,6.75
ErnestGold,7.933333333333333
ErikNordgren,8.1
TôruTakemitsu,7.566666666666666
GeorgeDuning,6.333333333333333
RaúlLavista,8.15
JyotirindraMoitra,7.9
JeromeMoross,6.3
Naushad,8.3
JohnBarry,7.454545454545454
KrzysztofKomeda,7.7
GiorgioGaslini,7.266666666666666
ToshirôMayuzumi,7.5375
BrianEasdale,7.7
MauriceLeroux,7.3
BernardHerrmann,7.716666666666666
WilliamAlwyn,7.2
CyrilJ.Mockridge,7.05
GerhardBecker,7.0
RussellGarcia,7.6
GeorgesDelerue,7.342857142857143
PhilippeArthuys,8.5
PieroUmiliani,6.2
RonGoodwin,7.033333333333332
FrancisSeyrig,7.8
MeyerKupferman,7.6
TheShadows,7.2
GeorgesAuric,7.449999999999999
MichelLegrand,7.2318181818181815
FrancisLemarque,7.5
AlexNorth,7.025
ArmandoTrovajoli,7.306666666666668
SergeNigg,6.6
ZdenekLiska,7.674999999999999
DzhonTer-Tatevosyan,7.6
PaulMisraki,7.8
ChûjiKinoshita,8.05
DimitriTiomkin,7.5
NielsRothenborg,7.4
KenyonHopkins,8.0
OsmoLindeman,7.366666666666667
MiklósRózsa,7.35
WalterScharf,6.4
AdamWalacinski,7.7
LaurenceRosenthal,7.966666666666668
FranzWaxman,5.9
RichardAddinsell,6.5
NikitaBogoslovskiy,8.1
DavidAmram,7.85
RiichirôManabe,7.5
GustavoPittaluga,8.2
CarloSavina,7.3
LeonardBernstein,7.5
MasaruSatô,7.371428571428572
VadimGomolyaka,8.0
J.Calzada,7.6
EduardoGonzàlezMantici,7.6
JerryFielding,7.409999999999999
OttóVincze,6.7
AntonyHopkins,7.8
ElmerBernstein,7.7562500000000005
LuizBonfá,7.0
AkiraIfukube,7.485714285714286
GeorgeMartin,6.2
MauriceJarre,7.627272727272726
CarloRustichelli,7.483333333333334
GianniFerrio,6.3
HikaruHayashi,7.720000000000001
VyacheslavOvchinnikov,8.185714285714285
TrevorDuncan,8.3
RonGrainer,7.333333333333333
NelsonRiddle,6.76
JohnAddison,7.359999999999999
JerryGoldsmith,7.304545454545453
HenriLanoë,7.85
PierreJansen,7.425
GabrielMigliori,8.3
EnnioMorricone,7.3999999999999995
GeorgeBassman,7.5
DmitriShostakovich,7.550000000000001
RizOrtolani,6.7
UstadBahadurKhan,7.6
PaulDunlap,6.85
FrankDeVol,7.385714285714285
NinoRota,7.919999999999999
EricRogers,6.566666666666666
JiríSlitr,7.25
HarumiIbe,6.833333333333333
PieroPiccioni,7.2125
TeoUsuelli,7.15
LaurieJohnson,7.366666666666667
HumphreySearle,7.5
StavrosXarhakos,8.149999999999999
Lan-PingChow,7.300000000000001
HansWernerHenze,7.2250000000000005
BálintSárosi,7.2
JeanLedrut,7.8
DettoMariano,6.433333333333334
GeorgeStoll,5.9
MichelMagne,6.85
SolKaplan,7.333333333333333
LynMurray,6.0
AndreiPetrov,8.075000000000001
MikisTheodorakis,7.8999999999999995
JustinianoCanelhas,7.7
ManuelJorgeVeloso,7.7
MimisPlessas,7.550000000000001
JanNovák,7.366666666666667
VittorioGelmetti,7.7
MikaelTariverdiev,8.1
IgorYakushenko,8.1
JørgenJersild,7.4
VlastimilHála,7.75
JanRychlík,7.5
FrancescoDeMasi,5.95
IchirôSaitô,7.533333333333334
DonBanks,6.7
YohananZaray,7.4
JackBrooks,6.9
DavidRaksin,6.9
RalphBenatzky,6.8
CarlosFariñas,8.2
RonaldStein,6.9
MarlinSkiles,6.6
MiroslavSkorik,8.0
ToshiakiTsushima,7.111111111111111
BuddyBaker,6.5
LuisBacalov,7.066666666666667
ZoltánJeney,7.6
MischaSpoliansky,5.9
LesBaxter,6.6
GerardSchurmann,7.4
Jean-MichelDefaye,7.6
RaviShankar,7.25
VinceGuaraldi,8.25
LaloSchifrin,7.008333333333334
AlessandroCicognini,7.0
EugenePoddany,7.5
FrançoisdeRoubaix,6.883333333333334
MasayoshiIkeda,7.2
SvenGyldmark,5.2
AndréBrummer,6.4
BernardGérard,7.4
AlemdarKaramanov,8.2
AleksandrZatsepin,8.46
AntoineDuhamel,7.366666666666666
KrzysztofPenderecki,7.9
ChicoHamilton,7.7
LeonidGrabovskiy,7.1
KrzysztofSadowski,6.8
WojciechKilar,7.618181818181818
Ying-ChuWu,8.2
JeanWiener,7.9
HerbieHancock,7.35
LuisdePablo,7.666666666666667
SergeGainsbourg,6.3
JohnBlakeley,7.8
GastonGeoris,7.8
WalterGeoris,7.8
PaulMcCartney,7.3
GeorgeBruns,6.2
TheodorGrigoriu,7.9
JohnWilliams,7.767999999999998
ToshiroKusunoki,7.3
NaozumiYamamoto,7.0
MartyPaich,6.7
TedNichols,6.7
Jean-JacquesDebout,7.6
LeoBrouwer,7.7
BorisMokrousov,7.4
LarsJohanWerle,7.9
RenéColl,7.1
CésarGattegno,7.1
Jean-ClaudeEloy,7.550000000000001
JiríSust,7.533333333333334
Lalan,8.1
Trio,8.1
BarneyWilen,7.5
HajimeKaburagi,7.2
FrancisLai,6.728571428571429
TheVelvetUnderground,6.7
RomanLedenyov,7.7
DeanElliott,7.75
CharlesStrouse,7.8
DaveGrusin,7.5
IgoKantor,5.4
LeonardRosenman,6.6
CristóbalHalffter,7.8
RuggeroCini,5.9
EdwinAstley,6.0
DavidRose,7.4
KarelMares,7.35
QuincyJones,7.333333333333333
NoraOrlandi,6.2
MikeLeander,6.9
DonCosta,6.050000000000001
IsaacSchwarts,7.625000000000001
ManosHatzidakis,6.825
FredBongusto,6.4
AleksandraPakhmutova,7.9
KajChydenius,6.0
PeterMatz,5.7
BronislauKaper,6.3
KirillMolchanov,8.1
ErnieFreeman,5.8
PatrickWilliams,6.5249999999999995
ShunsukeKikuchi,7.0625
MalcolmLockyer,6.8
VojislavKostic,8.366666666666667
NealHefti,7.7
RogerKellaway,6.3
JohnMorris,7.340000000000001
ToshiIchiyanagi,7.466666666666666
TigranMansuryan,7.65
LeePockriss,7.0
MarvinHamlisch,6.95
ArtyomArtemev,7.6
GeorgiyFirtich,8.4
MarcWilkinson,7.6
AliIsmail,8.2
ÉricDemarsan,8.1
JôjiYuasa,7.55
SilvanoSpadaccino,6.6
BurtBacharach,8.0
WilliamLoose,5.5
MichelColombier,7.1
JohnScott,5.9750000000000005
VicoBerti,7.6
HormouzFarhat,8.1
TaChiangWu,7.6
EdgardoCantón,7.3
JohnCameron,6.7
JiríSrnka,7.9
ErichFerstl,6.6
VicMizzy,6.3
MikeBloomfield,7.3
BillyGoldenberg,7.075
BenedettoGhiglia,6.7
WaldodelosRíos,6.9
SanteMariaRomitelli,6.4
TodDockstader,6.9
IsaoTomita,7.5200000000000005
TihamérVujicsics,6.9
JackMarshall,7.0
RobertDrasnin,7.3
AlfredSchnittke,7.483333333333333
PeterThomas,6.666666666666667
Tractor,7.2
PeerRaben,7.175000000000001
BjörnIsfält,7.633333333333333
JohnPaulHammond,7.6
KeithMansfield,5.5
BernardoSegall,6.3
JaikishanDayabhaiPanchal,8.0
ShankarsinghRaghuwanshi,8.0
TiberiuOlah,8.15
M.A.Numminen,7.0
GeorgRiedel,6.9
JanJohansson,6.9
CharlesFox,6.7
JohnnyDouglas,7.3
RoyBudd,6.3999999999999995
JohnKander,7.25
SvatoplukHavelka,7.8
StanleyMyers,6.971428571428571
OliverNelson,6.0
GilMellé,6.95
MarioNascimbene,7.199999999999999
BrunoNicolai,6.175000000000001
RandyNewman,7.56
GennadiPortnov,6.5
PeterMaxwellDavies,7.8
JerryBock,8.0
MichelPolnareff,7.3
HenryVars,6.5
DonEllis,7.7
FrancoMicalizzi,7.05
TheThirdEarBand,7.4
MichaelGibbs,6.933333333333334
TheBeeGees,7.6
Osanna,7.6
JeanCousineau,7.6
RichardRodneyBennett,7.2
JerzyMatuszkiewicz,7.5
BobCobert,7.7
RafailKhozak,7.7
BentFabricius-Bjerre,7.62
GhulamMohammed,7.3
KlausDoldinger,7.7
ErmaE.Levin,5.9
PaulMotian,7.8
ChrisHayward,7.5
F.R.David,7.5
LouisGuitar,7.5
PatrickMoraz,7.1
Fu-LingWang,7.1
HellmuthPattenhausen,6.5
AndrzejKorzynski,7.266666666666666
PhilippeSarde,7.136363636363637
DonGere,4.3
PopolVuh,7.642857142857143
AriéDzierlatka,7.75
FiorenzoCarpi,5.9
PerryBotkinJr.,6.8
BarryDeVorzon,6.949999999999999
BobAlcivar,7.2
JoaquínGutiérrezHeras,7.7
MichaelSmall,6.839999999999999
RichardOschanitzky,7.666666666666667
GennadiyGladkov,8.175
AllynFerguson,6.45
JackElliott,6.35
AndrewLloydWebber,6.5
DeeBarton,7.5
JohnnyKeating,5.9
JosephKoo,7.4
EikenSakurai,7.8
HideakiSakurai,8.0
JohnBennings,6.3
SolhiEl-Wadi,7.4
RobertF.Brunner,6.3
StelvioCipriani,6.755555555555555
EduardArtemev,8.04
CurtisMayfield,6.8
HaraldMaury,7.0
CharlesDumont,7.2
AlfredRalston,6.7
Can,8.0
GuidoDeAngelis,6.7124999999999995
GeorgeAlicesonTipton,7.8
RoyAyers,6.8
AndrewBelling,7.0
PinoDonaggio,6.95
MarcelloGiombini,5.7
DavidMunrow,7.0
TimMcIntire,6.2
JohnRubinstein,6.2
JohnnyMandel,7.75
FredMyrow,6.6000000000000005
WillieHutch,6.7
ClaudeBolling,7.3
HenriBourtayre,6.9
DickDeBenedictis,6.875
HarrisonBirtwistle,7.0
DanielePatucchi,7.6
BobDylan,7.3
AlainGoraguer,7.175
GaltMacDermot,6.1
JerzyMaksymiuk,7.7
RobertPrince,6.5
EberhardSchoener,6.6
KarelSvoboda,7.449999999999999
RogiervanOtterloo,7.4
GatoBarbieri,7.0
ViktorShevchenko,8.4
PaulGiovanni,7.5
MasahikoSatô,7.4
MortGarson,6.45
SamSklair,4.3
DavidShire,6.9399999999999995
Jean-MarieSénia,7.6
J.A.Seazer,7.766666666666667
MichaelCohen,7.7
Coleridge-TaylorPerkinson,7.0
AlbertoArgudo,4.8
VinceTempera,6.75
FrancoBixio,7.1
FabioFrizzi,7.1000000000000005
RolandVincent,7.1
FrancoMannino,7.5
BillConti,7.011111111111111
DonCherry,7.9
RonaldFrangipane,7.9
JoachimWerzlau,7.2
KunihikoMurai,7.65
RalphBurns,7.574999999999999
HannuSinnemäki,6.9
StuPhillips,6.6
CharlesBernstein,7.325
JanuszHajdun,7.25
HenrykKuzniak,7.475
JuanJoséGarcíaCaffi,7.0
NicolaeCovaci,7.9
WaldemarKazanecki,7.5
KazimierzSerocki,7.7
WilfredJosephs,6.5
TamásCseh,7.0
FredKarlin,5.5
WayneBell,7.5
StéphaneGrappelli,7.3
BoHarwood,7.8500000000000005
MaurizioDeAngelis,6.483333333333333
GérardAnfosso,6.7
RahulDevBurman,7.75
Yung-YuChen,6.828571428571429
MikhailMeerovich,8.1
AxelLinstädt,7.8
"""CarlosDAlessio""",7.2
NoelQuinlan,6.6
TesfayeLema,7.2
JuanGrizzle,7.7
ArleneBarnett,7.7
JonnieBarnett,7.7
GaryBusey,7.7
UdoLindenberg,7.1
LéoFerré,6.5
Goblin,7.025
ArtieButler,6.4
IsidorBurdin,7.5
EugenDoga,7.5
JeanSchwarz,7.0
SambaDiabareSamb,6.7
VladislavKazenin,7.6
GeorgiyDmitriev,7.7
BruceSmeaton,6.9
BranislavZivkovic,6.9
VladimirCosma,7.566666666666667
BradfordCraig,5.2
CosmoRichardFalcon,5.2
DavidHollister,5.2
GustavoMotta,5.2
AlanSilvestri,7.422222222222222
ChristianGaubert,7.1
NinoOliviero,5.1
RichardMarkowitz,5.4
PierrePorte,7.6
EgistoMacchi,7.1000000000000005
ElliotLawrence,8.1
FriedrichKuhlau,7.6
StephenLawrence,5.1
EnzoJannacci,7.8
BrianEno,7.1499999999999995
MikeGreen,5.1
ColinFrechter,5.1
GeorgeRomanis,4.4
ChetAtkins,7.9
SonnyTerry,7.9
VeljoTormis,7.7
BrunoCanfora,6.3
WilliamMcCauley,6.2
PaulHoffert,6.2
MichaelNyman,7.422222222222222
KendallSchmidt,5.8
NicholasFlagello,5.8
WilliamGoldstein,5.8
JürgenKnieper,7.300000000000001
FrantisekBelfín,7.6
GianniMazza,6.5
YvesSimon,6.8
GunnerMøllerPedersen,6.3
HowardBlake,7.8
PaulWilliams,7.95
LucianoBerio,8.0
MichaelMasser,6.0
AseiKobayashi,7.4
LuisAdvis,7.2
MarkkuKopisto,7.6
UliWinkler,6.5
DabketLoubna,7.2
GiyaKancheli,8.55
LeeHoldridge,7.380000000000001
GustavoCésarCarrión,7.25
GeraldLee,4.0
TangerineDream,7.366666666666667
PhilButkis,4.3
MassimoMorante,7.3
AgostinoMarangolo,6.975
DenisKing,7.0
PaulChihara,6.75
MundellLowe,4.7
FuLiangChou,6.666666666666667
JackNitzsche,7.050000000000001
JoeRenzetti,7.2
MiguelPous,7.4
ManuDibango,6.75
JerzyDerfel,7.95
DarioArgento,7.9
FrankieChan,7.128571428571428
JorgeArriagada,7.016666666666667
MindaD.Azarcon,7.6
DennyZeitlin,7.4
TemurBakuradze,8.2
JohnNeschling,7.366666666666667
DonaldRubinstein,7.1
PetrHapka,7.6
GunnarSvensson,7.4
KenThorne,6.1
AdrianEnescu,7.8
JonasC.Haefeli,7.2
StevieWonder,7.4
CarloPennisi,6.0
PyotrIlyichTchaikovsky,7.8
EdWelch,6.6
AngelaMorley,7.6
PeterRochon,7.6
KrzysztofKnittel,7.9
CarmineCoppola,8.433333333333334
PierreBachelet,7.5
MatthewMcCauley,3.9
EddieWang,6.7
"""PhilippeDAram""",6.0
ShinichirôIkebe,7.760000000000001
KenLauber,7.1
LucianoSalvemini,7.1
LuigiPatruno,7.1
GeoffreyBurgon,7.633333333333333
SergeyNikitin,8.1
KennyAscher,7.6
IleanaPopovici,8.4
FlorianFricke,7.5
MichaelCarlos,6.7
LipingWang,7.0
EnriqueUbieta,5.9
AlekseyRybnikov,7.8
VladimirDashkevich,7.840000000000001
AjitVerman,7.9
RolfA.Wilhelm,7.7
DennisBovell,7.3
DanaKaproff,7.1
JanKantyPawluskiewicz,7.1
MiguelBotafogo,6.4
MartinBresnick,8.0
DannyElfman,7.56
JohnnyBoshoff,7.3
RichardRobbins,6.5200000000000005
MouShanHuang,5.8
FrancisMonkman,7.6
ChrisHallaris,7.5
GuidoTurchi,6.3
MauryLaws,6.5
PinoDaniele,7.6
WendyCarlos,8.4
RachelElkind,8.4
DominicFrontiere,7.1
StephenOliver,7.15
BlueWeaver,6.8
LasseKeso,7.0
JaroslavUhlír,8.0
IraNewborn,7.15
RichardHazard,5.6
EmiliodeDiego,7.6
NormandRoger,7.975
AnusavanSalamanian,7.5
TrevorJones,7.390909090909091
Rheingold,6.6
ElizabethSwados,7.1
JohnCharles,6.8
ColinTully,7.1
MaksimDunaevskiy,7.4
BruceBroughton,6.825
FreddyQuinn,7.5
BrianMay,7.6
ZdenkóTamássy,7.8
NicolaPiovani,7.125000000000001
KornelijeKovac,6.7
AllenShawn,7.8
BruceLanghorne,6.4
StephenSondheim,7.3
MichioMamiya,7.75
ZoranSimjanovic,8.125
BentMyggen,3.2
RyCooder,7.2
JohnAnderson,7.1
JohnCale,6.75
MichèleBokanowski,7.1
PierredelaRue,5.3
Vangelis,7.65
AlanPrice,6.8
RobertKikuchi-Yngojo,7.1
AntónGarcíaAbril,7.65
ArlonOber,6.8
RolfSersam,7.7
JosephLoDuca,7.6000000000000005
RachelPortman,7.0200000000000005
DanielBell,8.1
I.Barluna,6.8
ViktorLebedev,7.9
JukkaMikkola,5.1
JyrkiSiukonen,5.1
PantseSyrjä,5.1
JoachimLudwig,6.2
JimmyWebb,6.85
MichaelMinard,6.3
PierreTardy,7.5
Jean-PierreBourtayre,7.5
ArkadiGagulashvili,7.7
JanKlusák,8.1
EvgeniyPtichkin,7.6
PatrickGleeson,7.8
HarryBetts,7.7
AntonioSinagra,7.3
EnricGranados,7.9
YosukeInagaki,7.0
Wing-FaiLaw,7.6
MichaelKamen,7.285714285714285
JayChattaway,6.6
KenHilton,8.3
PeterBest,6.800000000000001
ZülfüLivaneli,8.2
SebastianArgol,8.2
PiotrMarczewski,7.8
Siu-TinLai,7.5
NicholasRivera,7.4
KentaroHaneda,8.0
FrancoPiersanti,7.18
CarlZittrer,8.0
PaulZaza,8.0
SofiyaGubaydulina,7.7
YuriyLevitin,6.7
MichaelBoddicker,6.8
GiorgosHatzinasios,7.4
MichaelConwayBaker,7.4
ManYeeLam,7.6
VanrajBhatia,7.766666666666667
WojciechKarolak,7.6
MarkKnopfler,7.699999999999999
NicolasEconomou,7.6
ChinYungShing,7.266666666666667
Chen-HouSu,7.25
JohnDuPrez,7.55
Jean-LouisValéro,7.566666666666667
BruceRowland,7.55
CharlélieCouture,7.4
VladimirKraus-Rajteric,6.0
HowardShore,7.6
ArthurB.Rubinstein,7.066666666666666
MalcolmRowe,7.7
KeithHopwood,7.7
DickHyman,7.7
ShinjiHori,7.3
KurôdoMôri,7.3
ZbigniewPreisner,7.2875
CarterBurwell,7.657142857142857
LuisMaríaSerra,6.9
NickBicât,7.8
EdwardYang,7.7
GianfrancoPlenizio,7.6
RussellMael,6.3
MichaelJ.Lewis,6.3
RonMael,6.3
GermainGauthier,7.5
JipingZhao,7.512500000000001
JoeHisaishi,7.855555555555554
MikeOldfield,7.8
GordonCrosse,7.6
AnssiTikanmäki,6.4
ChrisBabida,7.366666666666667
Siu-LamTang,7.2
JansugKakhidze,7.5
Jacno,7.6
ElliMedeiros,7.6
MihályVig,7.55
TinaWeymouth,8.6
ChrisFrantz,8.6
JerryHarrison,8.6
MatthewEnder,5.9
DougTimm,5.9
BradFiedel,8.25
MarkIsham,7.418181818181819
KatsuHoshi,7.5
BoHolten,7.3
BernardoBonezzi,7.233333333333333
BillyScream,7.4
StanislasSyrewicz,6.449999999999999
PatrickGodfrey,7.1
KeithForsey,7.9
MichaelStearns,8.299999999999999
JoelGoldsmith,4.949999999999999
BrianGascoigne,6.9
JuniorHomrich,6.9
FelicianoBrunelli,8.2
StefanNilsson,6.3
AtilioStampone,7.7
J.PeterRobinson,7.5249999999999995
KevinBassinson,7.6
BernardHoffer,7.6
DennisRicotta,7.2
PhilipGlass,7.7
KenWelch,4.2
MitzieWelch,4.2
ClausBantzer,7.15
LennieNiehaus,7.6
DavidMcHugh,5.8
MichaelMontes,5.8
RichardBand,7.2
MattClifford,7.3
JoannaBruzdowicz,7.7
DudleySimpson,7.7
Chu-chuWu,7.7
JavierNavarrete,6.874999999999999
J.A.C.Redford,7.5
RogerWaters,7.7
GabrielYared,7.533333333333334
AlanHowarth,7.3
AngeloBadalamenti,7.199999999999999
DavidMichaelFrank,5.3
SetrakBakirel,8.1
OzanGaripSahin,8.1
PedroAznar,7.1000000000000005
OlegYanchenko,8.3
Jean-ClaudePetit,7.666666666666667
AlastairMonteith-Hodge,5.8
AndersNelsson,5.8
ÉricSerra,7.3
LaxmikantShantaramKudalkar,7.333333333333333
PyarelalRamprasadSharma,7.42
XiaoliangWeng,7.8
ChingChunHsu,7.7
Ming-changChen,7.6
RichardYuen,6.366666666666667
JukkaLinkola,6.6
Ilaiyaraaja,8.325
LawrenceShragge,6.0
JamesDiPasquale,7.0
Pyong-haShin,7.0
DanWool,7.0
LechJankowski,7.7
VinceDiCola,7.3
PerNørgaard,7.8
JackBaran,7.3
GyörgySelmeczi,7.3
DavidGraham,7.3
GeorgeFenton,7.56
JonasGwangwa,7.4
NikolaiKorndorf,7.9
VivianKubrick,8.3
RonCarter,6.6
NicholasPike,6.2
TetsujiHayashi,8.1
Xiao-SongQu,6.85
ZhuangzhuangTian,6.8
JandeWilde,6.8
AlaricJans,7.3
RomeoDíaz,7.125
DavidKurtz,4.7
MarioBeretta,7.3
FabioLiberatori,6.0
AmineAllahHessine,8.1
DavidByrne,7.7
EricClapton,7.449999999999999
LowellLo,7.6000000000000005
MasonDaring,7.300000000000001
Hung-YiChang,7.1
"""PinoDAngiò""",5.8
LelloGreco,5.8
KjetilBjerkestrand,6.550000000000001
MariusMüller,7.2
Nils-AslakValkeapää,7.2
LimosDizdari,7.5
StevenJayHoey,6.0
RogerBellon,3.4
RobertFitzsimons,7.5
PeterBernstein,5.75
BasilPoledouris,7.5
WilliamScott,4.2
JoeGlasman,6.1
ArikRudich,6.8
CraigSafan,7.55
StewartCopeland,7.280000000000001
DavidDundas,7.7
RickWentworth,7.7
ChristineWoodruff,7.4
ShôjiYamashiro,8.1
SigiSchwab,5.7
OlaviVirta,7.5
BillCasey,7.5
Melrose,7.5
RauliSomerjoki,7.5
TaistoTammi,7.5
HowardGoodall,7.85
MilesGoodman,7.133333333333333
BillNelson,5.4
JoeDelia,5.8
ShigeakiSaegusa,7.4
AndrewDickson,7.675
WilhelmDieterSiebert,6.5
KrzesimirDebski,6.95
PeterGabriel,7.6
CorneliaTautu,8.9
ZdzislawSzostak,6.9
MarkDavis,6.4
BobTelson,7.4
JuiceLeskinen,6.1
UpiSorvali,6.1
ScottWilk,6.4
AnttiHytti,7.4
HansZimmer,7.575
TonyMottola,7.7
L.Subramaniam,8.0
RobertO.Ragland,5.8
CoatiMundi,6.1
HennyVrienten,7.8
EleniKaraindrou,7.85
MarkAdler,7.5
MatthieuChabrol,7.366666666666667
MichelPortal,6.4
JulianJacobson,6.0
AleksandrGoldshteyn,6.800000000000001
StefanCarow,6.9
BobbyMcFerrin,7.75
SylvesterLevay,5.7
BillLee,7.9
GoranBregovic,7.800000000000001
VladimirDemsky,7.7
JamesHorner,7.745454545454544
MartySimon,5.1
DavidNewman,7.6000000000000005
PatrickDoyle,7.425000000000001
DeanFriedman,5.6
SewerynKrajewski,6.8
ManuelDeSica,6.25
GiorgioMoroder,6.8
RobertoCiotti,7.4
PaulHaslinger,7.0
JohnLurie,7.6
CergioPrudencio,7.0
RobertRandles,5.7
MichelRubini,6.1
AntónioPinhoVargas,7.4
SimonBoswell,7.449999999999999
AnneDudley,7.3999999999999995
RichardGibbs,7.199999999999999
MarcMarder,7.3999999999999995
DaisakuKume,7.2
JuhaTikka,7.6
GérardTorikian,7.0
VivianMiller,7.3
JohnBergamo,7.3
KurtFestinger,7.3
GregJohnsson,7.3
RobertLloyd,7.3
OsamuShoji,6.7
CatuloCastillo,7.1
ToshiyukiHonda,6.2
StanleyClarke,7.400000000000001
ElliotGoldenthal,7.3999999999999995
ShermanChow,6.5
StephenEndelman,6.574999999999999
PaulRabjohns,7.3
RichardLo,5.3
SimonFisher-Turner,6.949999999999999
MiriamCutler,6.466666666666668
NasserCheshmazar,8.1
RobertFolk,5.1
FeiLitChan,6.5
GregDeBelles,7.5
VijayPatil,7.3
TomJudson,7.4
MarkSuozzo,7.275
CarloMariaCordio,5.1
MarcShaiman,7.659999999999999
GiuseppeMazzucca,7.7
LucaTessadrelli,7.7
RichardDesjardins,7.1
GastonGagnon,7.1
BernardKawka,6.5
JamesNewtonHoward,7.533333333333335
CliffMartinez,7.2
ManfredEicher,7.5
ArildAndersen,7.5
DagUnenge,2.7
HenrikOttoDonner,6.3
TuomariNurmio,6.3
JimColeman,7.3
WilliamOlvis,7.3
TerryChan,7.6
VinnyGolia,5.8
PeterS.Moore,7.0
ShaneHarvey,7.1
SándorHoffmann,7.8
NaokiTachikawa,8.1
JoachimHolbek,7.449999999999999
ThomasNewman,7.815384615384615
HongdaZhang,8.4
ToddBoekelheide,6.8999999999999995
EvanLurie,7.2
DidierLockwood,6.8
BillStafford,7.1
OrnetteColeman,7.1
TomWaits,7.8
SiuHungYeung,5.8
JamesWong,6.875
JiríSvoboda,8.0
MarieBernard,7.7
TheGreatOutdoors,7.4
RyuichiSakamoto,6.8
JanGarbarek,7.6
MauriSumén,6.65
DavidBergeaud,7.0
DennisLambert,7.2
ClaudeGaudette,5.666666666666667
PhilippeServain,6.6
JimmyHarry,5.6
PeterDasent,7.5
MollyMason,7.6
JayUngar,7.6
PhilippeMalempré,7.5
Jean-MarcChenut,7.5
LaurenceDufrene,7.5
JohnMcCulloch,7.0
Shu-JunHuang,7.6
SoniaWieder-Atherton,6.8
DarioLucantoni,7.0
ArtPhillips,4.0
JulianNott,8.066666666666668
WasisDiop,7.4
JatinPandit,7.8500000000000005
LalitPandit,7.814285714285715
TheBombSquad,7.1
EricSadler,6.3
MohammadRezaAligholi,7.266666666666667
BobLast,7.4
RobertLockhart,6.966666666666666
WaiLapWu,7.175
EmilioKauderer,7.8
GeraldGouriet,6.6
TerenceBlanchard,6.8999999999999995
CarlSchultz,8.2
AleksandarErakovic,8.4
RandyEdelman,7.6
VincentvanWarmerdam,7.15
MichalLorenc,7.333333333333333
A.R.Rahman,7.999999999999998
NoamKaniel,3.8
CarlDavis,8.05
YoLaTengo,7.2
AnandChitragupth,5.3999999999999995
LouisBanks,4.5
HilmarÖrnHilmarsson,6.5
GraemeRevell,6.833333333333333
ChristopherYoung,7.0
JohnnyNjo,7.4
Gam-WingChow,7.4
SébastienErms,7.35
GrahamTardif,7.4
TakanoriArisawa,7.8
NeilSmolar,7.6
ButchBarbella,7.8
EdwardShearmur,7.1
Tsung-TakLui,7.2
HahnRowe,7.1
OnayOguz,7.6
JoséMaríaVitier,7.4
MichaelConvertino,6.633333333333333
NadeemSaifi,6.366666666666667
ShravanRathod,6.4
UlrichSinn,8.0
JordiSavall,7.166666666666667
RajeshRoshan,5.1
RoyKuschel,6.7
JurreHaanstra,6.7
YoshihideÔtomo,7.033333333333334
JohnMcCarthy,6.7
UlrichBassenge,7.9
WolfgangNeumann,7.9
QuincyJonesIII,7.5
TiêtTôn-Thât,7.3
JimHalfpenny,5.4
TheInsects,7.2
BillBoll,7.6
Su-cholKim,7.7
FedericoDeRobertis,6.4
JohnGonzalez,4.6
EricLevi,7.0
GuyGross,7.4
TusharBhatia,8.2
Jean-MarcelMilan,6.4
LoyEhrlich,6.4
RogerWhite,7.6
NusratFatehAliKhan,7.6
LeoGandelman,7.6
BennyMouthon,7.6
RaulAndrade,6.9
RoelA.García,7.6000000000000005
MichaelGalasso,7.566666666666666
PhilippeChany,7.15
DavidBoeddinghaus,8.0
MychaelDanna,7.2749999999999995
RiccardoBiseo,7.2
AntonioLee,7.6
PhilMarshall,7.366666666666667
GaryHoey,7.6
VikramJoglekar,6.7
D.Wood,6.7
Tentugal,7.3
PatrickSeymour,5.3
VictorDavies,6.0
JoséNieto,6.9
ShangShangTyphoon,7.3
BenSidran,8.3
MarcosLoya,3.9
JeremySweet,3.9
StephenEdwards,7.5
Buty,7.3
AleksandrBelyayev,6.3
MilindChitragupth,5.85
Madredeus,7.2
AlexWilkinson,4.8
SolaLiu,7.5
SortSol,7.3
KnudOdde,7.3
TheSandmen,7.3
MurrayMcNabb,7.1
MurrayGrindlay,7.1
ChangningGu,6.9
VeikkoTuomi,7.3
DraganDautovski,8.0
JohnHill,6.5
JohnTams,7.875000000000001
DominicMuldowney,7.833333333333333
NonongBuencamino,5.6
DeepakAnandji,5.7
BrianBurman,6.7
MichelleHandelman,6.7
Sugarshock,6.7
ChuckJonkey,6.9
NanaVasconcelos,6.9
AntonSuteu,7.4
StephenChan,7.6
Mader,7.8
ChemaRosas,7.8
MauriceSeezer,7.0
JohnCliffordWhite,7.0
GavinFriday,7.0
IlonaSekacz,6.95
GregKendall,7.1
FredFrith,8.0
PascalAndreacchio,7.0
JohnHarle,6.3
JimmyOihid,6.9
SteveShehan,6.9
LeighGorman,7.0
MalcolmMcLaren,7.0
GeorgeBlondheim,4.3
TomCarden,6.8
NeilYoung,7.6
DavidRobbins,7.2
RossVannelli,5.6
JeffreyTaylor,6.3
JohnReynolds,8.0
AntonSanko,6.1
GorôYasukawa,6.8
NonaHendryx,4.3
ZygmuntKonieczny,6.966666666666666
Assassin,8.1
LouisFebre,7.2
FrançoisBréant,7.2
AnthonyRiparetti,4.0
ThurstonMoore,6.8
JimmyYuill,7.2
JimLang,7.2
DavidArnold,7.066666666666666
JosephVitarelli,6.5
FredMollin,8.0
JimFarmer,7.4
ShermanHolmes,6.7
Remedios,8.0
Jan-DriesGroenendijk,7.8
MarkMcKenzie,7.3
ChrisHajian,6.1
RyoAsuka,7.6
CharlieMole,6.9
JanetteMason,7.4
JeremySams,7.6
SreckoBajda,8.8
CynthiaMillar,6.65
EdTomney,6.25
BillFrisell,7.0
MoniOvadia,6.8
PrzemyslawGintrowski,7.2
PaulBuckmaster,8.0
FrankStrangio,5.4
JohnOttman,8.0
MauritsOverdulve,7.3
JohnnyChen,7.5
VanDykeParks,7.4
JohnAltman,7.5
RamonPipin,7.15
LoicDaSilva,6.8
PhilippeMallier,6.8
JohnMilko,6.8
FrançoisRoy,6.8
PhilippeEidel,7.55
Kil-sungOk,6.9
TatsLau,7.0
DaisukeOkamoto,6.9
AskinArsunan,8.3
ErkanOgur,8.3
VictorCopytsko,7.2
HosseinAlizadeh,7.5
RonaldNg,7.699999999999999
ClarenceHui,7.0
NeilKassanoff,7.6
PierrevanDormael,7.699999999999999
ClaudioCapponi,6.8
Koti,5.949999999999999
ShelleyFisher,7.7
BablooChakravorty,7.466666666666666
DonMacDonald,6.4
OndrejSoukup,7.55
BrunoCoulais,7.82
MarkJensen,5.7
BillyBarber,7.3
StephenJamesTaylor,6.666666666666667
RickGiovinazzo,6.8
MajidEntezami,7.9
Tindersticks,7.0
Coolsheiks,5.8
PetriNieminen,6.366666666666667
SuburbanTribe,5.8
MarcoBeltrami,7.3
JunFunChiu,7.4
YoshikazuSuo,7.7
DavidHirschfelder,7.566666666666667
DanielLanois,8.0
BillWhelan,7.3
JaroslavJancovec,7.4
MarianoMarín,7.6
Tsang-HeiChiu,7.25
AlbertoIglesias,7.466666666666667
ShaunDavey,7.25
ZoranEric,8.1
HayesGreenfield,6.4
MichaelMcKean,7.5
HarryShearer,7.5
PaulShapiro,6.7
HenriAncilotti,6.9
JeffBritting,6.5
Fred04,7.1
ShigeruUmebayashi,7.8
ThomasAndrewMisner,7.0
MichaelFerentino,7.0
MikaelJorgensen,7.0
AndresKaru,7.0
MichaelPenn,7.6
FrankLondon,6.1
MarianneJean-Baptiste,7.1
TonyRemy,7.1
EdmundChoi,7.7
DejanSparavalo,7.85
VojislavAralica,8.1
NeleKarajlic,8.1
DannyChung,7.8
KayvanJahanshahi,8.3
SteveDorff,6.6
RichardHartley,6.2
MinXiang,6.3
TitoLarriva,7.1
GailiSchoen,7.0
ÓscarReynoso,6.9
AmandaKravat,6.1
CalebSampson,7.2
ChristopherGunning,7.4
CaryBerger,6.6
DominicKelly,6.6
AnthonyMarinelli,7.05
AnuMalik,6.6571428571428575
PaleisvanBoem,7.35
JanPlewka,8.0
ChristianNeander,8.0
FranzPlasa,8.0
BrianLock,6.2
JeremyJordan,6.2
ChristianSteyer,7.2
JeffEdenFair,6.0
StarrParodi,6.0
WyclefJean,7.5
DarrylJones,7.5
DominiqueDalcan,7.6
Zazie,7.6
FitoPáez,7.6
MikhailIvanovich,7.4
MichaelTimmins,7.1
JeffBird,7.1
JasonMorphew,7.1
JohnMcEntire,6.8
DarioFarina,6.4
MarekStefankiewicz,6.5
MarcoMarinangeli,4.4
DavidA.Hughes,7.3
NikiReiser,6.8999999999999995
BurkhardvonDallwitz,8.1
Drysdale,7.2
DavidHamilton,7.9
JanA.P.Kaczmarek,7.066666666666666
JocelynPook,7.4
ChristopherFranke,7.7
JohnMurphy,7.825
St.Etienne,5.2
JamesShearman,5.2
ErnestTroost,6.1
JohnCorigliano,7.6
ÓscarCardozoOcampo,7.2
NakabaTakahashi,6.8
PieterVerlinden,7.6
ManolisHiotis,8.2
DavidRhodes,7.1
ChrisBoardman,6.1
JiríSternwald,7.1
GaryAshiya,7.15
NikosMamangakis,7.7
KasperWinding,6.0
LeonPendarvis,7.9
RainerKirchmann,6.9
Luna,7.2
ChicoFreeman,7.2
EnjottSchneider,7.3
PeterKam,6.6
BabaZula,7.8
ElektryczneGitary,7.15
KubaSienkiewicz,7.6
Jae-wonKim,5.1
JeanCorti,7.8
AlesBrezina,7.35
CengizOnural,8.3
MichelF.Côté,7.0
BernardFalaise,7.0
MarkMothersbaugh,7.12
IvarsVigners,8.4
BulatOkudzhava,7.9
GaryChang,6.2
GiancarloChiaramello,7.9
HansHelewaut,7.9
JohnBoy,6.2
ReinholdHeil,7.62
JohnnyKlimek,7.65
AndreiVolkonsky,7.4
GusViseur,7.9
UmbertoCannone,4.7
PéterWolf,8.4
DonDavis,7.966666666666666
AdrianBurch,4.3
DavidWhitaker,4.3
RogérioRossini,8.4
RainerKühn,7.6
IvanVandor,7.5
GuilhermedeBrito,7.5
AgostinhoFerreira,7.5
AntonelloSalis,7.5
ClaudeMarti,7.5
GérardPansanel,7.5
PierrePeyras,7.5
ThomasMorse,5.6
ClintMansell,7.8500000000000005
ErkkiErtama,7.0
CurtisLundy,7.5
BT,7.25
KarlheinzStockhausen,7.2
ÉricNeveux,6.550000000000001
MarkMancina,7.6
CatherineRinger,5.3
SeiIkeno,7.35
Deva,7.8
LisaGerrard,7.859999999999999
PieterBourke,7.8
KeithTenniswood,5.4
GaryBurns,5.4
DavidHolmes,6.599999999999999
NealSugarman,6.5
WalterSalas-Humara,6.4
YujiOguchi,4.7
RobertMarcelLepage,7.9
NathanJohnson,7.7
AkihitoTokunaga,7.4
KôjiEndô,7.066666666666666
JeroenStrijbos,6.3
RobvanRijswijk,6.3
MixMasterMike,7.9
DJQ-Bert,7.9
RomanBunka,6.5
JeffDanna,7.5249999999999995
SotaroManabu,6.7
GeoffMarx,7.2
ThomasMuer,7.2
KostasKapnisis,7.3
MichaelFranti,7.2
RobbieKondor,7.7
KeithArem,2.7
IvanKnight,5.3
ForestDunn,5.3
WoodyJackson,5.3
CliveLanger,7.0
AlessioVlad,6.9
MartyBeller,7.300000000000001
DonaldBartoSr.,7.7
Sang-giHan,7.3
JohnFrizzell,6.4
MatiCaspi,7.4
LarsBoJensen,8.0
DavidJulyan,8.05
RezsöSeress,7.8
DetlefPetersen,7.8
KazukiKuriyama,7.3
GraceChang,7.5
AlexinaLouie,7.55
AlexPauk,7.1
PughRogefeldt,7.3
JørnChristensen,6.9
MagneFuruholmen,5.9
MarkLindsay,7.6
W.MichaelLewis,7.6
JudeCole,5.4
MasaakiHirao,7.7
LouisVyncke,5.5
AnteroJakoila,6.5
EvgeniyKrylatov,7.1
RobertHurst,6.75
PeterPeter,7.166666666666667
DeborahMollison,6.9
JosephSaba,6.1
DavidKitay,7.3
ChrisHorvath,7.7
StuartMatthewman,7.2
MarkLothar,7.2
MitsuakiKanno,6.9
StamatisSpanoudakis,7.9
NikosTatsis,8.1
Gong,7.3
JeppeKaas,7.2250000000000005
KurtDahlke,7.0
FrankFenstermacher,7.1
MoritzReichelt,7.1
YasuhiroKasamatsu,7.7
BunichiNishimatsu,8.0
AleksandarHabic,8.1
KlausSchulze,7.4
RZA,7.8
ChristopheBeck,7.7
VyacheslavGanelin,8.4
JayGruska,5.5
AlanVega,6.2
IvanKrál,8.2
IvanHlas,8.2
MetinBükey,8.3
FrancisGarcia,8.0
TonyAdzinikolov,7.0
ShinkichiMitsumune,7.2
GiosyCapuano,6.4
ShiroSagisu,7.55
TuomasKantelinen,6.475
KirilMarichkov,9.1
MichaelBrook,7.675000000000001
YevhenStankovych,6.8
VáclavHálek,8.1
JozefMalovec,8.1
VladimirDeshov,7.3
ViktorKisin,7.3
RickUlfik,6.7
MichaelKocáb,7.9
AmotzPlessner,4.9
DarylOrenge,4.9
GrigoriPonomarenko,7.2
JonBrion,7.966666666666666
JimmieWood,7.4
J.J.Holiday,7.4
BillySullivan,7.4
WalterWerzowa,7.4
UlrichKodjoWendt,7.7
RistoVrtev,6.9
RussellWalker,8.1
TimClement,8.1
ColinCripps,8.1
Jean-MarieDusuzeau,6.1
FrançoisBéranger,6.1
TamásDeák,8.4
GeorgeKeller,7.4
DavidF.Anthony,6.1
"""YoussouNDour""",7.5
NancyWilson,7.9
AhrinMishan,6.5
LouisSclavis,7.4
VojislavBorisavljevic,8.7
MoiseyVaynberg,6.9
MichiakiWatanabe,6.8
AlejandroAmenábar,7.6
JonasBohlin,7.3
DanBerglund,7.3
GildodelMistro,7.5
Yeong-wookJo,7.066666666666666
VlatkoStefanovski,7.0
EvgeniyBotyarov,8.1
TBoneBurnett,7.7
AlirezaKohanDeyri,8.2
HansPosegga,7.3
GeorgKajanus,5.9
PhilippeDrogoz,8.1
EugénieKuffler,8.1
ColinTowns,7.6
HajimeMizoguchi,7.5
HinrichDageför,6.8
CyrilMorin,7.8
MarcusViana,6.5
GiorgosMouzakis,8.8
SeiichiYamamoto,7.35
FonnyDeWulf,5.2
KevinKiner,8.1
Jean-PierreCocco,7.5
SanjoyChowdhury,8.1
Dheeraj-Dhanak,8.1
UgurYücel,8.1
ThioHugo-Panduputra,7.050000000000001
AttilaÖzdemiroglu,8.7
YvesSanna,6.8
StéphaneHuguenin,6.8
ZakirHussain,8.2
NickHemming,7.6
AleksandrPantykin,7.0
CraigArmstrong,7.6499999999999995
RoqueBaños,6.625
YûjiTakahashi,7.7
EricvanTijn,6.1
JochemFluitsma,6.1
AlanCarter,6.8
ThomasWickens,6.8
StevenBernstein,6.7
KarlduPlessis,7.3
DenisL.Chartrand,8.0
Rammstein,9.1
ShinsukeHonda,7.0
VincentGallo,7.1
BaoSan,7.75
EranZur,7.4
CharlesHenridePierrefeu,7.4
TrevorRabin,7.5
PeterGotthardt,6.6
M.M.Keeravani,7.15
YannTiersen,7.7
DanielTeper,6.9
SteveLiu,7.1
LongoHai,6.9
GeoffBennett,6.9
JoeRaposo,6.9
GaëtanGravel,7.0
SergeLaForest,7.0
GuidoLuciani,7.2
M.G.Radhakrishnan,8.7
Ying-WahWong,7.550000000000001
MarkSnow,6.5
NathanBarr,7.6
Barnes&Barnes,7.4
JanP.Muchow,7.6
SandeepChowta,7.133333333333333
WillBernard,8.0
OvarianTrolley,8.0
SantiagoOjeda,8.0
MasaoYagi,6.6
RikardBorggård,5.5
YasushiAkutagawa,7.0
KôichiSakata,6.6
JiroSarashina,5.9
ItsuroShimoda,8.0
IchirôAraki,8.0
KuniKawachi,8.0
AlexLasarenko,7.3
AkifumiKawamura,6.2
ChristianMaire,7.6
AlexHeffes,7.5
RiccardoDelFra,6.85
AhmadPezhman,7.6
SashaFrere-Jones,7.2
AdamSamuelGoldman,7.2
DJShadow,7.8
RichardTuttobene,7.8
DominikScherrer,7.0
KepaLehtinen,7.7
GiovanniVenosta,7.1
Liroy,7.6
SzymonWysocki,7.6
VyacheslavButusov,7.8
GiovanniSollima,7.6
MontySharma,7.8999999999999995
IsmailDarbar,7.6
AntonPopovic,7.2
JanJirásek,7.2
KenichiroShibuya,7.4
ChristianHeyne,7.1
Metallica,7.6
VáclavTrojan,8.0
PierreKartner,7.7
LawrenceArdenBuck,4.4
BillyWhiteAcre,2.0
MarcoAntônioGuimarães,7.4
HervéLavandier,7.1
GloverGill,7.8
MehrdadJenabi,7.4
HidetoAmari,7.1
HenrykMikolajGórecki,8.0
EduardoArbide,7.2
NikosTouliatos,6.4
LaurieStone,6.3
GarryMcDonald,6.3
Kai-LiPeng,8.1
HalfdanE,7.4
JohnDebney,7.833333333333333
GustavoSantaolalla,7.833333333333333
BobbyPrevite,6.3
KevinManthei,6.5
ArtLabriola,7.9
MichaelAndrews,7.65
AbelKorzeniowski,6.55
RosDavis,8.4
IanBroudie,6.7
IsabelleOlivier,7.7
CésarLerner,7.4
JaejinLee,7.275
MarcoMeister,6.2
JillFraser,8.1
ElizabethMyers,8.1
StephenWarbeck,6.7
ClaudeDesjardins,6.3
GeorgeBrennan,8.2
AaronZigman,7.1
JaanusNõgisto,7.0
FrankiiElliott,7.4
JoanBibiloni,7.0
MelihKibar,8.675
DavidWingo,7.3
MichaelLinnen,7.3
SashaBogdanowitsch,6.0
SamueleBersani,7.0
JonNewton,6.3
E.P.Bergen,5.1
Ouseppachan,7.6
Shyam,7.6
KiprasMasanauskas,7.1
JosephConlan,7.099999999999999
MaxJocson,7.1
FrédéricDevreese,6.9
JohnCampbell,5.6
CharlesNieland,6.5
BarbMorrison,6.5
JoelIwataki,7.6
DeniseKaufman,7.6
DonPeake,7.6
LászlóDés,7.7
JulietteGarrigues,6.7
MerrillB.Jenson,8.0
ChrisJones,7.3
DJClue,5.7
AricR.Johnson,7.4
DanielD.Hoeye,7.4
LorrieIlustre,6.4
KipHanrahan,6.3
LokuaKanza,6.9
AugusteVarkalis,8.4
DavidCampbell,7.5
PeterHimmelman,6.1
AnandRajAnand,6.1
DahoudDarien,6.4
AdrianJohnston,6.9
AmyOdell,6.9
MariosStrofalis,6.1
CahitBerkay,8.7
JoelGoodman,7.8500000000000005
BrianTyler,7.2
TakehikoYamada,7.5
AnilMohile,8.8
ArunPaudwal,8.8
MishaSegal,7.3
GlennA.Jordan,7.5
SamCardon,6.625
BengtNilsson,6.3
JonathanBar-Giora,7.05
FrançoisDompierre,6.8
AlexandreDesplat,7.075
TakashiKako,7.4
KardesTürküler,8.0
BosphorusUniversityShowArtGroup,8.0
RandyMiller,7.2
RobertWhaley,5.2
GeorgBrandlEgloff,5.2
AnthonyGrimaldi,5.2
SofaSurfers,7.6
DavidReid,7.2
SáGrama,8.6
ByronFoster,7.1
GregGraffin,7.1
PatricMiller,8.2
JohnLinnell,6.2
"""MarcoDAmbrosio""",7.033333333333334
JohnFlansburgh,6.2
DarshanRathod,3.8
SanjeevRathod,3.8
BalázsTemesvári,7.9
AndreaGuerra,7.12
PaulCrowder,7.7
TerryWilson,7.7
WillOldham,7.15
JoelHarrison,7.5
MarekGoldowski,7.1
EinstürzendeNeubauten,7.1
BrianKeane,8.6
YandéCodouSène,6.7
JohnPowell,7.6
MichellePritchard,6.9
HankBones,6.8
MaureenMcElheron,6.8
TommyCoster,8.5
LarsLillo-Stenberg,7.5
PierreDesrochers,7.0
EdBogas,8.3
DesiréeGoyette,8.3
LaboOrchestra,6.2
JérômeRebotier,6.2
ArmandAmar,7.400000000000001
StephenMarley,6.2
MervynWarren,7.4
StereoTotal,7.1
DonaldFraser,7.1
Hyeon-CheolKim,7.6
ChatchaiPongprapaphan,6.1
KentCarter,5.3
DuncanMackay,6.9
AntonyGenn,6.9
GiongLim,7.05
YoshihiroHanno,7.1
Kai-yuHuang,7.1
J.D.Hinton,6.7
JohnZorn,7.4
RamachandraBorcar,7.2
JeanLeloup,7.2
Ho-junPark,7.0
JeffRona,7.7
RiccardoCocciante,9.0
BenoîtCharest,7.5
DamonLocks,7.6
WayneMontana,7.6
PetrOstrouchov,7.6
JacekKusmierczyk,7.0
JosephWilliams,3.9
AlexParker,7.6
JakeParker,7.6
Nikhil,7.5
Wah-ChuenLam,6.9
Hing-CheungChu,6.9
ThomasBangalter,7.4
WalterE.Sear,7.7
SusumuHirasawa,7.800000000000001
KhalilChahine,7.0
GarethSkinner,6.8
AndrásSzabó,6.5
JannosEolou,7.4
LoyMendonsa,7.925000000000001
ShankarMahadevan,7.76
FrankFernandez,7.5
JimMcGrath,6.800000000000001
DavidShiller,5.9
Hyeong-seokKim,8.0
MaheshMahadevan,7.1
JózefSkrzek,6.85
Sung-wooJo,7.1
Jae-kwonHan,6.45
JacquesLederlin,6.6
KareraMusication,7.0
MartinWheeler,6.1
Yong-rockChoi,7.3
MilesDavis,7.3
LuisSalinas,7.6
MikhailGlinka,7.6
GustavMahler,7.6
SergeiSnimki,7.6
JoelMcNeely,7.35
BjörnHallman,5.6
WayneHawkins,8.1
ToshihideBando,7.2
YasuhisaMurase,7.2
MartinTodsharow,6.8
VesaMäkinen,6.7
IvanStaykov,8.6
JefferyAlanJones,7.6
GiannaNannini,6.9
CarlosCabezas,6.6
DunTan,7.9
DarioMarianelli,7.1000000000000005
NathanLarson,7.449999999999999
LosKjarkas,7.3
NicholasHooper,7.1
MarkMcAdam,7.9
JamieSaft,7.9
MihailoKrstic,8.4
DusanPetrovic,8.4
BobChristianson,8.3
BrentMichaelDavids,6.6
KiswaschSahebNassagh,6.8
SimonGentry,7.8
TarôIwashiro,7.8
KôjiMakaino,7.1
IgorKuljeric,7.0
SinisaLeopold,7.0
TakuIzumi,7.1
MissNelson,6.8
PraxitelesPandel,6.8
HélèneBlazy,7.45
BorutKrzisnik,6.8
EduardoPolonio,6.8
MellyGoeslaw,7.8
SarryLong,6.1
DavidDarling,8.1
ArvoPärt,7.65
SethJordan,6.7
MauriceOhana,5.8
MichaelGonzales,5.8
ÉtantDonnés,6.5
JeffGibbs,7.9
Dae-hongKim,7.8
Yang-heeKim,7.8
IlWon,7.3
MariusMihalache,8.5
AlfonsodeVilallonga,7.5
LoekDikker,5.8
PabloLescano,6.8
RoyNathanson,7.2
DavidThrussell,6.2
FrançoisTétaz,6.2
ArsalanKamkar,7.4
MichaelGiacchino,7.875
PhilippeHersant,7.9
EricLeGuen,7.4
LucioGodoy,7.35
PetruMargineanu,6.4
ManuelVillalta,7.0
Lucrecia,7.3
LaurentPetitgirard,8.1
BandaOsiris,7.0
HansMathisen,7.3
MichaelMandrell,7.7
JamesJandrisch,6.3
AlperTungaDemirel,7.9
EnderAkay,7.9
NenadMilosavljevic,7.2
HarryGregson-Williams,7.7
AaronMerrill,6.7
JerzySatanowski,8.1
RolandHackl,7.6
AndrejAcin,7.0
BingenMendizábal,6.1
DaveHartley,7.1
BiswadepDasgupta,6.7
YôkoKanno,7.1800000000000015
ChrisHou,7.3
ChadFischer,7.4
RainingPleasure,6.9
DanielHulsizer,7.5
KevinShields,7.7
EthanHigbee,6.6
SebastianDemian,6.6
El-P,6.6
PeteDroge,6.9
NigelClarke,6.7
AlexWurman,7.2
KwongWingChan,7.449999999999999
RobertIsrael,6.4
MarceloZarvos,7.1
NicolasErrèra,6.3
"""MomciloBajagaBajagic""",8.4
MarioGrigorov,5.5
DanBerridge,6.8
Jean-FélixLalanne,6.8
StephenTrask,7.6
JoãoNabuco,7.8
SachaAmback,7.8
JamesStemple,7.9
AndreaMorricone,7.7
PaulKelly,6.9
JohnKimbrough,7.6
SarahTownsend,7.9
DirtyThree,7.7
IfThousands,7.7
Low,7.7
"""JimORourke""",7.7
MikieDaPoet,7.9
LiisaAkimof,6.5
GrégoireHetzel,7.1
MikeKourtzer,7.1
HualampongRiddim,7.6
BobbyJohnston,7.7
PeteHasty,8.3
JeffreyHepker,8.3
PaulF.Zubrod,8.3
AlexanderHacke,7.9
MaceoParker,7.9
RanjitBarot,7.0
YvanCassar,6.5
PierreBastaroli,5.7
AdamRosiak,7.4
YadongZhang,7.3
BenoitJutras,7.3
MichaelA.Levine,7.6
MikaelJacobson,1.9
Johnson,9.0
StephenLuscombe,7.4
PanditDinesh,7.4
RainerJ.G.Uhl,6.9
MadanGopalSingh,7.6
BrianCarter,8.7
NatalieMerchant,8.7
Moby,8.7
GabrielIsaacMounsey,8.7
BarryWood,8.7
GrahamHaynes,7.0
AndreasHoge,7.4
TheodoreShapiro,7.099999999999999
HubMoore,6.6
MatthieuChedid,7.5
JoséLuisCastiñeiradeDios,7.2
PaulRiggio,5.5
StephanZacharias,8.2
KeiichiSuzuki,7.65
TheFlamingLips,5.4
JörgLemberg,6.2
JonathanDavidSloate,3.6
PhilippeRombi,7.65
RobLane,7.5
MarcAnthonyThompson,6.5
CoreyAllenJackson,6.8
Byung-wooLee,7.2
DanMudford,7.9
PeteWoodhead,7.9
RichardFriedman,3.4
DavidGray,6.4
BenjiCossa,7.2
Jean-MarieBenoît,7.4
GiulianoTaviani,6.2
KonradElfers,7.0
ChristopherDedrick,7.2
GuyFarley,7.4
Vidyasagar,8.8
JoãoFalcão,7.5
ViolaineCorradi,8.0
DaftPunk,7.8
RomaricLaurence,7.2
KlausHundsbichler,7.6
CongSu,6.65
RobinGuthrie,7.6
HaroldBudd,7.6
TheMoon-Rays,6.7
DickLieb,7.3
NawangKhechog,7.6
JeffBeal,7.3999999999999995
MarcRiedinger,7.4
MarcelLeniz,7.4
Neo,7.7
JørgenLauritsen,7.0
AndiRianto,7.3
JiBark,8.0
HarrisJayaraj,8.0
IlanEshkeri,7.449999999999999
HenningChristiansen,7.3
AndreyDergachev,8.0
RobertRodriguez,8.0
MiguelMiranda,7.7
DiegoGrimblat,6.7
EvanthiaReboutsika,7.9
ChristopherGordon,7.8
RoustamSadoyan,6.8
MichelKorb,6.8
JoeWong,6.9
JanHammer,7.8
RobinTrower,6.0
FonsMerkies,6.233333333333333
PhilipMiller,6.0
BlainMorris,8.0
VasilHadzimanov,8.4
OzanÇolakoglu,8.0
DevrimKaraoglu,8.0
ÜloVinter,8.2
AndrewLockington,7.4
TommyWai,7.0
"""ErinOHara""",7.9
MarkusKienzl,7.6
WolfgangFrisch,7.6
Dong-junLee,8.1
NellisDuBiel,7.2
InaSiefert,7.2
RaminDjawadi,7.1
KlausBadelt,7.1
CharlieClouser,7.6
AndréAbujamra,7.9
GrahamMassey,7.3
Moonriders,7.8
NikolajEgelund,7.0
JonathanGoldsmith,6.6
RicMarkmann,7.9
NicholasRussell-Pavier,8.3
JeffMcLaughlin,5.8
JohnStirratt,4.9
PatrickSansone,4.9
BrianReitzell,7.4
ExplosionsintheSky,7.2
PeterNashel,7.8
DanMarocco,7.4
Jun-seokKim,7.4
MaxAveryLichtenstein,7.1
JohnCalifra,6.699999999999999
ThomasDeRenzo,7.6
BruceMiller,6.9
MichaelGordon,7.3
PauldeMunnik,7.9
VadimGamaleya,7.8
AfroCeltSoundSystem,8.1
RupertGregson-Williams,8.1
MurrayGold,7.6
SteveJordan,7.8
JulianBoyd,7.3
Phirefones,7.3
CarolinPetit,6.6
NéGonçalves,6.7
PasqualeCatalano,7.5
AntonioPinto,7.6
PeterBräker,7.3
IndianOcean,8.5
FlorianvanVolxem,7.5
SvenRossenbach,7.5
GerardoGandini,8.0
DavidBowie,7.9
PaulCantelon,7.7
DaleCornelius,7.5
HaiLin,7.2
GáborMadarász,6.3
MathieuVanasse,6.25
JeanMassicotte,6.25
ClaudeMilot,5.5
PhilSawyer,7.1
MichelleShocked,6.7
DavidFriedman,6.7
TiborSzemzö,7.9
MaxMüller,5.9
StéphaneMoucha,8.4
StevenHufsteter,7.7
TomásPolák,7.1
SasaLosic,7.6
FulanendeTalen,6.5
Liquits,7.3
TakayukiHattori,6.5
OsamuTezuka,6.5
MorveOtesi,7.6
Gontiti,8.1
AndreasWodraschke,7.5
Seung-HyunChoi,7.2
WalterAndreasChristen,7.1
MichaelStaudacher,6.8
MattJudge,5.4
AnnaJordan,7.2
ElvioFavilla,7.4
TempoLittle,7.7
FergusMarsh,7.5
MichaelWhite,7.5
JudithGruber-Stitzer,7.1
PierreFöldes,7.5
PaoloBuonvino,7.2
MadalaKunene,7.6
AphexTwin,7.6
MartinRoy,7.1
CarlBastien,7.1
AlterEgo,7.0
BrittDaniel,7.6
SanjeevKohli,7.8
MadanMohan,7.8
StephenMcKeon,6.9
NicolásSorin,7.1
DavidImmerglück,8.1
NewOrder,7.7
BrianWilson,7.9
Slvian,8.0
NitinSawhney,7.15
HamidrezaSadri,7.7
ChrisMichie,7.8
CodyWestheimer,6.8
ThomasKnak,6.6
PaulCharlier,7.3
Ramones,7.7
FrédéricVercheval,6.5
AdrianKonarski,7.1
RichardThompson,7.8
RolfeKent,7.5
DiegoVainer,6.7
Nic.tenBroek,7.8
Tae-wonKim,8.2
JamesShimoji,7.6
Euphrates,6.5
TonyMcAnaney,5.1
BernaCeppas,6.8
PhilippeKaterine,6.0
DagvanGanpurev,7.6
RichardBlair-Oliphant,6.7
JamesL.Venable,7.3
MaciejSledziecki,6.8
TreeAdams,7.5
SigurRós,8.1
RazMesinai,7.2
RobertMiller,8.0
JimDooley,7.8
JosephBaker,7.4
StevenLutvak,7.4
ElliottSharp,6.8
Fuji-Yama,7.2
AdrianSical,7.7
PabloCervantes,5.5
EricOlsen,8.1
Jean-ClaudeVannier,6.9
RikuNiemi,7.5
BennyAndersson,7.5
EverettGriffiths,6.6
KenVandevrie,7.5
GlenBallard,7.5
SteveWolbrecht,7.4
DavidWolbrecht,7.4
SvenGrünberg,7.2
MarcusWiebusch,6.5
ReimerBustorff,6.5
MaxMartinSchröder,6.5
Jun-seongKim,7.7
EzioBosso,7.8
VictorBock,7.0
MichaelB.Jeter,7.0
SulaimanMerchant,6.6
SalimMerchant,6.6
Fayray,7.8
MargoKõlar,6.4
JosephJuliánGonzález,7.0
AntonyPartos,7.2
NeilAthale,6.8
FabianRömer,7.1
LeoSujatovich,7.4
LeonKo,6.8
DonovanMiller,5.2
ShantanuMoitra,8.1
SanjayWandrekar,8.1
YasuakiShimizu,6.9
Dalpalan,7.449999999999999
EricCadesky,7.4
NickDyer,7.4
JohanSöderqvist,7.65
GuyJackson,7.2
ChrisBrierley,7.2
JohnyBrown,7.2
LuminousFrenzy,7.2
RadoslawLuka,7.0
DeeJayRafiq,8.4
Tarwater,6.5
KrishnaLevy,7.300000000000001
AlexeiAigui,7.2
KazuhideYamaji,7.2
Baolu,6.5
FangSu,6.5
AnnetteFocks,7.4
NoboyuchiKikuki,6.5
HiroyukiNagashima,6.5
Yong-jinJeong,6.95
KjartanSveinsson,7.8
ÞórEldon,7.3
PaulaGallitano,6.1
CeiriTorjussen,6.2
MartinPhipps,7.45
GusBousfield,7.5
Jorane,7.3
PeymanYazdanian,7.4
FernandoVelázquez,7.4
AlanDerian,5.7
NikosPatrelakis,6.1
JanLeyers,5.8
PierpaoloTiano,7.8
JamesIha,7.5
JonnyGreenwood,8.1
GeoffBarrow,7.7
BenSalisbury,7.7
SheridanTongue,6.9
TamaraObrovac,6.9
JonRekdal,4.6
CraigRichey,7.199999999999999
HeatherFenoughty,7.4
AngeloMilli,7.2
"""DGary""",7.5
BertWrede,7.1
JimPapoulis,7.6
LepoSumera,7.7
NathanWang,8.2
MartinMeissonnier,6.9
Dzem,7.0
DanielJakob,6.7
KanteeAnantagant,7.5
DanielB.Greoge,7.8
AmauryRamírezMalberti,6.9
SlimPezin,6.9
OzNoy,7.3
MichaelBusch,7.4
HelmutNeugebauer,7.6
FrédéricTalgorn,6.25
MikelSalas,6.6
PepeSmith,7.1
JohnDragonetti,7.2
AntonyTelferBrown,7.2
LudovicoEinaudi,7.7
EugenioMira,7.2
NainitaDesai,8.5
MalcolmLaws,8.5
RichardChester,5.9
MaryLorson,7.8
BillyCote,7.8
YiannisPsaroudakis,8.0
MichiruOshima,6.7
Jacques-EmmanuelRousselon,5.8
ScottWalker,7.2
Kiraç,4.2
DougE.Fresh,7.5
MoneyMark,7.5
MarcoWan,6.5
JamesLavino,7.8
MarkBandy,7.1
RobertEllis-Geiger,7.4
SheldonMirowitz,7.5
GordonGibson,7.3
GaryParks,7.3
PeterGolub,7.3
TuzédeAbreu,6.1
JóhannJóhannsson,8.2
PatrickCassidy,8.2
RobertCoyne,7.9
DirkSchaefer,6.6
"""PaulDAmour""",5.5
SimeonNikolaidis,6.4
MirabelleVandePut,6.9
ChrisVelan,7.8
JoshuaWinget,7.8
GingeAnvik,5.8
Hyung-wooNoh,7.2
HowieB.,7.5
CraigRichards,7.5
MirwaisAhmadzaï,6.4
BenDecter,7.2
JoelDiamond,7.0
GökçeAkçelik,7.5
FüsunÖnal,7.6
NobuhikoMorino,6.3
KurtHeinecke,7.4
MarkHintonStewart,7.9
HarryNilsson,7.6
BenjaminSchoos,6.6
IshaiAdar,6.7
KakiKing,8.1
KyôNakanishi,6.6
TomObedlam,7.8
MarcStreitenfeld,7.8
PeterHinderthür,7.4
FlorianTessloff,7.4
TakeshiShibuya,7.9
GabrieleRoberto,7.9
MarcelloDeFrancisci,8.5
LeriLeskinen,7.0
SteveNieve,5.8
HeitorPereira,5.5
NormanArnold,7.3
GerdBaumann,7.05
BlakeNeely,7.3
BenjaminGibbard,7.4
SteveFisk,7.4
GrantInnesMcLachlan,6.8
ChristopherMangum,6.8
JaroslawJanuszewicz,4.6
IainCook,5.8
MichaelCudahy,7.5
DaveKlotz,7.3
GuyZerafa,7.3
CarloSiliotto,7.3
TomohideHarada,6.9
MatthiasPetsche,6.5
BrianThomasLambert,7.0
CezarySkubiszewski,7.4
DavidTorn,7.3
ZanNakari,8.4
PerKihlborg,7.6
JunkieXL,7.2
OlivierBernet,8.0
KiyoshiYoshida,7.8
WayneKramer,7.9
MariusRuhland,7.6
ClintonShorter,7.4
MickHarvey,7.9
JosephArthur,7.9
MarcJackson,8.2
PatrickNoth,8.0
MelLewis,3.9
TimoBlunck,6.4
RalfDenker,6.4
StefanWill,6.4
RajuSingh,6.5
WendyBlackstone,7.5
A.M.,4.1
TomHiel,4.1
MariaSoldatini,4.2
MarkGrowden,7.1
DimitriTikovoi,7.1
LyleWorkman,7.6
RaiomondMirza,6.5
AndreMatthias,7.0
DanDriscoll,7.3
JoeySantiago,7.0
RanShem-Tov,7.1
JimmySloan,7.6
DavidBuckley,7.5
DavidChristophere,7.3
JaredGutstadt,7.7
LukasKaiser,7.7
"""JohnOBrien""",6.2
Spinvis,6.8
KristianDunn,7.2
JeffGrace,6.6
MarcelBarsotti,7.0
TommasoLeddi,6.1
HibikiInamoto,7.0
PaulHeard,6.8
MichaelTremante,6.7
KenWilliams,7.4
SimonStockhausen,5.6
ThienDaoNguyen,6.8
NguyenQuocTrung,6.8
AkiraSenju,6.9
LaurentTalon,6.5
BenjaminEsdraffo,6.5
FredStory,7.8
GaryLionelli,7.3
CharlesCourt,7.0
LouPomanti,7.4
BuckSanders,7.6
VilleTanttu,6.6
HaimFrankIlfman,7.4
AldoShllaku,6.8
"""DustinOHalloran""",6.2
Young-gyuJang,7.3
TheCinematicOrchestra,7.3
ChristopherWard,7.6
AleksandarRandjelovic,6.4
LeoHenkin,7.2
Noisola,7.1
DidierLeplae,7.1
PaulBrill,7.8
RyanDodge,7.8
Asche&Spencer,7.8
ChrisBeaty,7.8
AlejandroEscovedo,7.1
RobSchwimmer,7.7
PessiLevanto,6.5
FrançoisBernheim,5.6
PhilipSheppard,8.0
Sinclair,7.6
WolframdeMarco,7.3
JuozasSirvinskas,7.0
J.A.Shîzâ,6.9
NathanielMéchaly,7.8
MarcusMiller,6.3
SteveHorowitz,6.4
SteinBergeSvendsen,7.1
ChrisBacon,7.5
OlivierFröhlich,7.2
JanWeber,7.2
CarlaKihlstedt,7.0
RichRagsdale,7.3
T.K.Broderick,7.1
XavierJamaux,7.2
FernandoCorona,6.7
"""YiannisBachSpyropoulos""",5.2
AlanWilliams,6.3
KipHaaheim,7.0
FeliksYanov-Yanovsky,7.6
Tenmon,7.6
JimGuthrie,6.7
LeoAbrahams,7.6
EhsaanNoorani,8.4
M.Lo,7.3
JasonMoss,7.4
AndrePluess,7.4
AlexBeaupain,7.1
TimmyCappello,7.3
