BasilDearden,7.333333333333333
MikhailKalatozov,8.05
NicholasRay,6.95
ÉricRohmer,7.499999999999999
GeorgesFranju,7.7
Jean-LucGodard,7.08
YasujirôOzu,8.033333333333333
GuyGreen,7.6
BillyWilder,7.7250000000000005
MichelangeloAntonioni,7.522222222222222
WalterLang,6.3
MarcoFerreri,6.950000000000001
JosephLosey,7.25
DelbertMann,7.199999999999999
FedericoFellini,7.585714285714286
RichardBrooks,7.85
RobertMulligan,7.566666666666667
PhilKarlson,7.0
StanleyKramer,7.68
IngmarBergman,7.878571428571429
MasahiroShinoda,7.066666666666667
PhilipLeacock,7.0
LeslieNorman,6.8
RobertoGavaldón,8.3
JohnSturges,7.949999999999999
MarioBava,7.075
DinoRisi,7.246153846153846
RitwikGhatak,7.75
DanielMann,6.9
K.Asif,8.3
JohnGuillermin,7.033333333333334
AndrzejWajda,7.416666666666667
MikioNaruse,8.0
MichaelPowell,7.7
VincentJ.Donehue,7.5
RenéClément,7.35
,7.549870801033594
LeslieStevens,6.8
AlfredHitchcock,7.699999999999999
JohnBoulting,6.9
RoyBoulting,6.9
LuchinoVisconti,7.614285714285715
StanleyKubrick,8.077777777777778
KenAnnakin,6.625
JoshuaLogan,6.0
FritzLang,7.0
GeorgePal,7.6
FrançoisTruffaut,7.4
JacquesBecker,8.5
RonaldNeame,7.0
LuigiZampa,7.199999999999999
WolfRilla,7.3
Henri-GeorgesClouzot,7.6
AkiraKurosawa,8.09
PierPaoloPasolini,7.3625
AlainResnais,7.266666666666667
JackArnold,5.9
GuyHamilton,7.25
SidneyJ.Furie,7.15
BlakeEdwards,7.3500000000000005
EtiennePérier,6.6
GillesGrangier,7.1
WilliamWyler,7.699999999999999
VittorioDeSica,7.359999999999999
AlainCavalier,6.6
FrantisekVlácil,7.725
ValGuest,5.699999999999999
MikhailRomm,7.6
Jean-PierreMelville,7.866666666666666
KeisukeKinoshita,7.3
J.LeeThompson,7.324999999999999
BentChristensen,7.4
RobertRossen,8.0
JackClayton,7.8
MattiKassila,7.366666666666667
JacquesDemy,7.32
JerzyKawalerowicz,7.7
GeorgePollock,7.25
JackCouffer,7.0
DonHaldane,7.0
MasakiKobayashi,8.475
MelvilleShavelson,6.35
LuisGarcíaBerlanga,7.833333333333333
FrankCapra,7.2
DanielPetrie,7.65
JoséFerrer,5.9
JoséQuintero,6.5
LeonidGaidai,8.25
EldarRyazanov,7.866666666666667
VladimirSemakov,7.1
NaumTrakhtenberg,7.1
EduardZmojro,7.1
EliaKazan,7.8
DelmerDaves,6.15
SatyajitRay,8.028571428571428
YasuzôMasumura,7.533333333333334
LuisBuñuel,7.82
JeromeRobbins,7.5
RobertWise,7.483333333333334
ViktorIvanov,8.0
ChrisMarker,7.8625
OttoPreminger,7.7
ViktorGertler,6.7
JohnFrankenheimer,7.8
CharlesCrichton,7.65
RuyGuerra,7.0
HiroshiInagaki,7.35
AgnèsVarda,7.733333333333333
SergeBourguignon,6.65
PietroGermi,8.1
Steno,7.099999999999999
GeneKelly,7.2
KanetoShindô,7.966666666666666
HarrySmith,5.3
AndreiTarkovsky,8.12857142857143
EduardAbalov,8.1
JohnSchlesinger,7.5
AramAvakian,7.2
LeslieH.Martinson,6.166666666666667
UgoGregoretti,7.0
RobertoRossellini,7.05
DavidLean,7.900000000000001
TonyRichardson,7.449999999999999
DavidMiller,7.6
AndrewMarton,7.8
BernhardWicki,7.8
GerdOswald,7.8
DarrylF.Zanuck,7.8
JohnFord,8.1
GiuseppePatroniGriffi,7.4
ArthurPenn,7.68
RomanPolanski,7.725
RobertEnrico,7.625
ClaudeChabrol,7.4
AnselmoDuarte,8.3
BernardoBertolucci,7.300000000000001
NanniLoy,7.199999999999999
SamPeckinpah,7.516666666666666
EdwardBernds,6.4
RobertAldrich,7.216666666666666
KenjiMisumi,7.68
GordonDouglas,5.4
GeraldThomas,6.566666666666666
MilosForman,7.859999999999999
StanleyDonen,7.7
MarioMonicelli,7.416666666666667
MauroBolognini,7.2
SeijunSuzuki,7.12
GianLuigiPolidoro,6.300000000000001
LouisMalle,7.840000000000001
AlexSegal,7.1
MartinRitt,7.55
MortonDaCosta,5.2
DonChaffey,7.3
PierreLhomme,8.0
EiichiKudô,7.5
VasilisGeorgiadis,7.8
BryanForbes,7.5
HanHsiangLi,7.2
NikosKoundouros,6.8
ShôheiImamura,7.642857142857143
MiklósJancsó,7.080000000000001
OrsonWelles,7.5
GiovanniGuareschi,6.8
LucioFulci,6.5875
MauroMorassi,7.0
NormanJewison,7.528571428571429
GeorgeSidney,5.9
GeorgesLautner,7.433333333333333
GeorgeRoyHill,7.466666666666666
CarlForeman,7.0
JohnRich,6.0
GeorgiyDaneliya,8.0
KimiyoshiYasuda,7.2
TokuzôTanaka,7.3
GünterGräwert,8.3
MichaelCacoyannis,7.7
BernardBorderie,6.9
PeterGlenville,7.8
FernandoLopes,7.7
KarelZeman,7.233333333333333
GérardOury,7.4
PeterWatkins,7.625000000000001
SergioCorbucci,7.3166666666666655
AntonioMargheriti,6.9
ElemKlimov,7.766666666666666
SidneyLumet,7.414285714285714
RalphNelson,6.7
GrigoriyKozintsev,8.3
CarlTheodorDreyer,7.4
DesmondDavis,7.1
RichardLester,7.6
PhilippedeBroca,7.199999999999999
OldrichLipský,7.75
GiorgioFerroni,5.65
RobertStevenson,7.8
GeorgeCukor,7.8
FreddieFrancis,6.85
DamianoDamiani,6.8999999999999995
SergioLeone,8.283333333333333
EphraimKishon,7.4
KennethAnger,6.6
PaulAlmond,8.0
DenisSanders,7.35
GeorgeDunning,7.45
ErikBalling,7.174999999999999
JackHill,6.85
BurtTopper,6.6
HiroshiTeshigahara,7.533333333333334
SteveBinder,8.4
SergeiParajanov,7.733333333333333
HideoGosha,7.4
NormanTokar,6.733333333333333
CyEndfield,6.1
KarelKachyna,7.633333333333334
GilloPontecorvo,8.1
WilliamAsher,5.433333333333334
JamesB.Harris,7.4
LuigiComencini,7.18
ChuckJones,7.766666666666667
MauriceNoble,7.5
AndréHunebelle,5.6
MacAhlberg,5.2
RussMeyer,5.6
Jean-MarieStraub,6.575
JánKadár,8.3
ElmarKlos,8.3
JacquesDeray,6.3
JeanDouchet,6.9
Jean-DanielPollet,6.9
JeanRouch,6.5
MarcoBellocchio,7.8
WojciechHas,7.5
YuriIlyenko,6.949999999999999
TadeuszKonwicki,7.3
HenryHathaway,7.300000000000001
YoshishigeYoshida,7.239999999999999
KonIchikawa,7.15
AleksandarPetrovic,7.8
WanLaiming,8.2
PeterWhitehead,6.3
MasakiDômoto,7.6
AlexanderKluge,7.1
FrancoProsperi,7.0
KoreyoshiKurahara,7.233333333333333
MicheleLupo,6.300000000000001
RobertBresson,7.625
CarlosSaura,7.45
KihachiOkamoto,7.466666666666666
RaoulLévy,5.8
BenWasham,8.3
"""MichaelOHerlihy""",6.2
LucianoSalce,7.1
SidneyGilliat,5.9
FrankLaunder,5.9
SergiuNicolaescu,7.628571428571428
BillMelendez,8.2
KingHu,7.5
JosephBarbera,6.7
WilliamHanna,6.7
FredZinnemann,7.75
TomásGutiérrezAlea,7.425000000000001
EdmondKeosayan,7.4
OusmaneSembene,6.966666666666668
JiríMenzel,7.574999999999999
JeanEustache,7.55
WilliamKlein,7.0
JacquesRivette,7.283333333333335
DuccioTessari,6.175000000000001
VeraChytilová,7.15
JosephSargent,7.2125
HenningCarlsen,6.65
DonMedford,6.0
IdaLupino,7.4
ClaudeLelouch,6.900000000000001
AndyWarhol,6.566666666666667
MikeNichols,8.0
LarisaShepitko,7.7
WolfgangReitherman,7.660000000000001
ShirôToyoda,6.6
NicolasGessner,6.15
RobertParrish,5.699999999999999
RichardIrving,7.75
StuartRosenberg,6.675
LamontJohnson,6.3
JulienDuvivier,6.2
D.A.Pennebaker,7.58888888888889
HowardHawks,7.6
FernandoFernánGómez,7.8
SergioSollima,7.2
GianfrancoParolini,5.9
RoyWardBaker,6.0
OsvaldoCivirani,5.3
MichaelWinner,6.65
RomoloGuerrieri,6.2
DusanMakavejev,7.133333333333333
ÉdouardMolinaro,7.5
JohnBoorman,7.08
ArnoldLaven,6.4
SylwesterChecinski,7.9
GrigoriAronov,7.5
AlekseyGerman,7.6
MetinErksan,8.15
AndreyTutyshkin,7.5
FrederickWiseman,7.783333333333334
JamesClavell,7.7
TatyanaLioznova,7.6
HenriVerneuil,7.566666666666667
TerenceYoung,7.15
AllanKing,7.7
HowardMorris,7.0
MikkoNiskanen,6.3999999999999995
JosephMcGrath,5.8
PeterYates,7.2
AnthonyMann,6.3
JimMcBride,6.6
StanislavRostotskiy,8.1
JohnCassavetes,7.6
PaulMorrissey,5.933333333333334
MarkRydell,7.2
WalerianBorowczyk,6.7
RobertEllisMiller,7.066666666666666
JerryParis,6.0
FielderCook,6.4
MichaelGordon,5.7
NobuoNakagawa,6.5
NagisaÔshima,7.359999999999999
HajimeSatô,6.2
AnthonyHarvey,6.8999999999999995
PeterCollinson,6.42
GeorgeA.Romero,7.633333333333333
JanNemec,7.1
GeneSaks,7.45
JonathanMiller,7.3
JanTroell,7.166666666666667
CarolReed,7.4
AlexMarch,6.3
FranklinJ.Schaffner,7.775
MelBrooks,7.766666666666667
EnzoG.Castellari,6.566666666666666
EttoreScola,7.4300000000000015
FrancoZeffirelli,7.199999999999999
RayLaurent,6.1
JurajHerz,7.8
UluGrosbard,7.0
LuigiScattini,6.0
FrankPerry,7.066666666666666
SydneyPollack,7.500000000000001
AlekseyKorenev,7.6
ClaudeBerri,7.775
SeijiMaruyama,6.7
MikhailShvejtser,7.6
LindsayAnderson,7.066666666666666
RiccardoFreda,5.6
CharlesJarrott,7.5
YoussefChahine,7.5
ToshioMatsumoto,8.0
"""JimOConnolly""",6.15
LeonJeannot,6.8
LeonardoFavio,7.3
JoséGiovanni,7.0
PierreGranier-Deferre,6.566666666666667
DariushMehrjui,8.1
HerbertRoss,7.199999999999999
HugoSantiago,7.3
KenLoach,7.516666666666667
OtakarVávra,7.9
CurtLinda,6.6
GordonParks,7.1
NatHiken,6.3
FredCoe,6.6
HaskellWexler,7.3
BorisSagal,7.3
BarryShear,7.6
StevenSpielberg,7.9117647058823515
YôjiYamada,7.62
JackGold,7.2
NarcisoIbáñezSerrador,6.9
AlbertMaysles,7.824999999999999
DavidMaysles,7.824999999999999
CharlotteZwerin,7.8
EiichiYamamoto,7.050000000000001
DarioArgento,7.400000000000001
GroupeDzigaVertov,6.0
Jean-PierreGorin,6.0
GérardMartin,6.0
JurajJakubisko,7.3
BrianG.Hutton,7.65
Costa-Gavras,7.7
RainerWernerFassbinder,7.329411764705882
RobertFuest,6.55
GiulianoCarnimeo,5.85
YvesBoisset,5.8
TedPost,6.466666666666666
AndreyKonchalovskiy,7.300000000000001
LucianoErcoli,6.3
HaraldReinl,6.45
SamWanamaker,5.9
BobRafelson,7.5
DavidLynch,7.490909090909091
AlvinRakoff,5.4
ElioPetri,7.56
GiulianoMontaldo,6.8999999999999995
JosephL.Mankiewicz,7.85
RoyAndersson,7.6
MichaelLindsay-Hogg,7.733333333333333
SilvioNarizzano,5.5
IrvinKershner,6.8999999999999995
AlfonsoBrescia,6.1
RajKapoor,8.0
AlanCooke,6.2
LasloBenedek,6.6
MichaelFengler,6.65
ArthurHiller,6.6
ErkkiSeiro,7.0
JaakkoTalaskivi,7.0
OlleHellbom,6.95
HollingsworthMorse,6.7
LionelJeffries,7.3
MarekPiwowski,7.7
KevinBillington,7.0
MichaelApted,7.74
HaroldPrince,6.45
SergioMartino,6.424999999999999
HyAverback,5.6
FrancescoRosi,7.6
EricTill,6.35
SergeyBondarchuk,7.3
VladimirMotyl,7.9
MichaelWadleigh,8.2
RichardA.Colla,6.0
IanMacNaughton,7.75
DonSiegel,7.539999999999999
MikeLeigh,7.711111111111112
MarcelOphüls,8.2
NormanLear,6.7
ViktorTregubovich,6.5
ToninoCervi,6.3
BurtKennedy,6.3
NiksaFulgosi,6.3
KenRussell,7.8
AndrewV.McLaglen,6.5
WilliamFriedkin,7.824999999999999
HalAshby,7.675
JeanGirault,6.75
PierreAdidge,7.5
DaltonTrumbo,7.9
DickClement,5.3
PeterBrook,7.1
WernerHerzog,7.48888888888889
PeterBogdanovich,7.719999999999999
RichardFleischer,6.6
JohnHuston,6.825
EnzoBarboni,7.5
DavidGreene,7.1
AldoLado,6.7
RobertAltman,7.666666666666667
WarisHussein,7.3
FernandoDiLeo,6.760000000000001
ClaudeJutra,7.6
HowardAlk,7.6
TadeuszChmielewski,7.6
JohnLlewellynMoxey,7.1
VladimirRogovoy,7.7
RichardLeacock,6.1
TedKotcheff,7.7
KamalAmrohi,7.3
LazarStojanovic,6.8
VolkerSchlöndorff,7.15
HarryHurwitz,5.9
AlainTanner,7.35
GuidoZurli,5.3
WeiLo,6.7
Chia-HsiangWu,7.1
DinosKatsouridis,8.2
WernerSchroeter,6.6000000000000005
AndrzejZulawski,7.08
RichardC.Sarafian,6.85
NicolasRoeg,7.166666666666667
MichelLevesque,4.3
CurtisHarrington,6.2
MelStuart,7.75
GeorgeEnglund,6.0
PeterH.Hunt,7.6
RomanoScavolini,5.35
LarryCohen,6.8
BuzzKulik,6.85
MiltonKatselas,6.8
BobFosse,7.766666666666666
ArturoRipstein,7.6000000000000005
MassimoDallamano,7.0
ClaudeSautet,7.466666666666666
EmilioMiraglia,6.6
PeterSasdy,5.4
AleksandrSery,8.5
RobertAbel,7.6
BrianDePalma,7.3999999999999995
FrancisFordCoppola,8.385714285714286
StephenFrears,7.2250000000000005
MartinGoldman,6.3
TewfikSaleh,7.4
ArnoldPerl,7.5
HowardSmith,7.6
BillDouglas,7.3999999999999995
RobertButler,5.85
AdrianMaben,8.7
ClaudeLanzmann,7.9
ValerioZurlini,7.3
RobertoBianchiMontero,6.25
DouglasHickox,6.5
GordonParksJr.,6.5
AdoorGopalakrishnan,7.3
ClaudeFaraldo,7.0
RichardAttenborough,7.316666666666667
WimWenders,7.637500000000001
PaoloTaviani,7.2
VittorioTaviani,7.2
MarcelloFondato,7.5
TerrenceMalick,7.766666666666666
ClintEastwood,7.625
RenéViénet,7.0
RobertClouse,6.85
VíctorErice,7.9
LinaWertmüller,7.18
GianfrancoPiccioli,5.7
KevinConnor,6.7
ToninoValerii,7.05
KrzysztofZanussi,7.2
FernandoArrabal,6.85
KinjiFukasaku,7.525
JamesFrawley,6.9
JohnMagnuson,6.5
MichaelCampus,6.85
DeanHargrove,5.8
MartinScorsese,7.799999999999999
FrancoBrusati,7.6
RenéLaloux,7.014285714285713
StanislawBareja,7.7250000000000005
WilliamA.Fraker,6.0
"""TomOHorgan""",6.1
JohnG.Avildsen,7.199999999999999
GordonHessler,6.5
IvanDixon,7.1
BudYorkin,6.2
DjibrilDiopMambéty,7.25
JohannesSchaaf,6.6
VáclavVorlícek,7.8
PaulVerhoeven,7.5
RobinHardy,7.5
JamieUys,7.800000000000001
PeterHyams,6.25
HaroldPinter,7.1
ShûjiTerayama,7.766666666666667
ThomAndersen,7.85
FayAndersen,7.7
MorganFisher,7.7
JuanBosch,4.8
PaulVecchiali,7.1
YvonneRainer,6.45
KarelReisz,7.2
HerbertWise,7.7
PaulMazursky,7.15
PhilippeGarrel,6.95
PeterDavis,8.2
LarryYust,6.6
DavidHelpern,6.9
KenHughes,6.2
MichaelLandon,7.0
FrankBeyer,7.2
YoshiyukiKuroda,7.4
RauniMollberg,6.800000000000001
RichardCompton,6.6
TerryJones,8.149999999999999
GrzegorzKrólikiewicz,6.8
KrzysztofKieslowski,7.809090909090909
JerzyHoffman,7.75
ClaudeWhatham,6.5
RobertHartford-Davis,5.5
TobeHooper,6.7
JackHaleyJr.,7.7
JonathanKaplan,7.2
BertrandBlier,7.133333333333333
JohnLounsbery,7.9
HrishikeshMukherjee,8.4
NormanCohen,3.9
Jean-CharlesTacchella,6.7
YashChopra,7.949999999999999
RenéGoscinny,7.7
HenriGruel,7.7
AlbertUderzo,7.7
PierreWatrin,7.7
GaryGraver,7.8
ChehChang,6.933333333333334
IvoCaprino,8.5
EllenHovde,7.6
MuffieMeyer,7.6
YuriNorstein,8.1
MargueriteDuras,6.3
SergeGainsbourg,6.1
ChantalAkerman,7.533333333333334
ArmandoCrispino,5.9
BrianTrenchard-Smith,6.6
HaileGerima,7.2
HarkBohm,7.1
PeterWeir,7.7
DickRichards,6.4
JimSharman,7.4
KeiKumai,7.35
Jean-PaulRappeneau,6.7
Chia-LiangLiu,7.3
KazuhikoYamaguchi,6.3
ShigehiroOzawa,7.1
EmilLoteanu,7.5
GérardBlain,7.0
MargarethevonTrotta,7.4
KevinBrownlow,7.0
ViktorTitov,7.6
AlanJ.Pakula,7.8
JohnCarpenter,7.528571428571429
MichaelRitchie,7.199999999999999
FredSchepisi,6.8
BarbaraKopple,8.05
KrstoPapic,6.9
FrancisVeber,7.533333333333334
VincenteMinnelli,5.1
MoustaphaAkkad,8.5
RobertMoore,6.7
UmbertoLenzi,6.8
RichardDonner,7.633333333333333
GilbertCates,5.1
PaulHumfress,6.1
DerekJarman,6.3999999999999995
WilliamA.Graham,4.4
RuggeroMaccari,6.8
LeonardoBenvenuti,6.8
PieroDeBernardi,6.8
AgenoreIncrocci,6.8
PeterClifton,7.7
JoeMassot,7.7
ArvoKruusement,7.7
JohnTrent,6.2
PeterGreenaway,7.166666666666665
CharlesB.Pierce,5.8
JanuszMajewski,7.35
LinoDelFra,6.2
StelvioMassi,6.3
LeonardHo,7.3
SergioCitti,6.725
PasqualeSquitieri,6.066666666666666
DianeKurys,7.0
NilsMalmros,6.75
RidleyScott,7.8625
JimHenson,7.800000000000001
AbbasKiarostami,7.779999999999999
LeonGast,7.433333333333334
TomGries,6.0
Hans-JürgenSyberberg,7.45
NobuhikoÔbayashi,7.050000000000001
AnthonyPage,6.5
SilvioCaiozzi,7.2
RistoJarva,7.6
SlobodanSijan,8.95
PeterHandke,6.5
MoshéMizrahi,7.2
MiguelM.Delgado,6.4
GeorgeButler,6.6
RobertFiore,7.4
YuenChor,6.6
GreydonClark,4.0
RobertM.Young,6.9
BrunoCorbucci,6.3
GeorgeLucas,8.05
ChristopherFraser,4.3
DavidWickes,6.8
JerrySchatzberg,6.05
StuartHagmann,4.7
JunFukuda,4.9
See-YuenNg,7.0
ErmannoOlmi,7.65
LesBlank,7.475
PaulSchrader,7.7
SteveRash,7.2
MichaelCimino,8.1
WalterHill,7.333333333333333
RandalKleiser,7.2
JohnWoo,7.499999999999999
RichardC.Bennett,5.8
RalphSenensky,5.8
HowardZieff,6.800000000000001
RaoulRuiz,7.042857142857144
GeorgeKaczender,5.8
LinoBrocka,7.6
PhilipKaufman,7.4750000000000005
BriceMack,5.5
IrakliKvirikadze,8.2
HectorBabenco,7.599999999999999
AlanParker,7.614285714285714
JohnLandis,7.8199999999999985
TageDanielsson,7.4
MartynBurke,6.1
CharlesEames,8.0
RayEames,8.0
SôjiYoshikawa,7.0
YasuoÔtsuka,7.0
RolfLyssy,7.2
WalonGreen,7.4
Woo-PingYuen,7.42
AntonioBido,6.4
DomenicoPaolella,6.3
KimioYabuki,7.8
DonSharp,6.6
MartinRosen,7.699999999999999
CarrollBallard,7.25
PatriceLeconte,7.4799999999999995
JamesBridges,7.4
RuggeroDeodato,5.6
JeanRollin,6.0
ClemensKlopfenstein,6.8
JoanMicklinSilver,7.1
CarlReiner,6.7
JohnKrish,7.1
PeterSykes,7.1
RobertBenton,7.5
HenningSchellerup,6.3
VladimirMenshov,8.1
TakeoNakamura,6.3
TomJeffrey,6.7
WolfgangBüld,7.3
FrancRoddam,7.3
JeffMargolis,8.2
PaulGrimault,7.9
HayaoMiyazaki,8.018181818181818
AlanClarke,7.6
Hsin-YenChang,7.0
LeonIchaso,6.1
OrlandoJiménezLeal,5.9
MarkZakharov,8.299999999999999
GlennSilber,7.7
BarryAlexanderBrown,7.7
IgorMaslennikov,8.4
BruceBeresford,7.124999999999999
EricDionysius,8.4
EricMistler,8.4
GovindNihalani,7.9
JimAbrahams,7.45
DavidZucker,7.5
JerryZucker,7.45
FrancoRosso,7.3
JohnA.Alonzo,7.1
FrancoCastellano,7.7
GiuseppeMoccia,7.7
BrianGibson,6.95
PeterMedak,7.2
TomaszZygadlo,7.1
EloydelaIglesia,6.4
JonElse,8.0
HelmaSanders-Brahms,7.1
RayCioni,7.8
KelliBixler,7.8
WillVinton,7.8
RichardElfman,6.7
Jean-PierreJeunet,7.76
JohnByrum,5.7
JamesIvory,6.9
Hsiao-HsienHou,7.25
FerencRofusz,7.6
JohnMackenzie,7.6
TheodorosAngelopoulos,7.6
WilliamPeterBlatty,7.1
RobertRedford,7.466666666666666
JulesBass,7.239999999999999
ArthurRankinJr.,7.239999999999999
BillPersky,6.6
JeannotSzwarc,7.2
RichardRush,7.1
AllanMoyle,6.425
HideoOnchi,6.5
MikaKaurismäki,6.5
LadislavSmoljak,8.0
JamesGoldstone,4.5
Jean-ClaudeTramont,5.6
RalphBakshi,7.3
LawrenceKasdan,7.300000000000001
MarkusImhoof,7.1
WolfgangPetersen,7.8500000000000005
JeremyKagan,7.1
UliEdel,7.5
FrédéricBack,7.95
PenelopeSpheeris,7.6
EckhartSchmidt,6.6
EdBianchi,5.7
TedBerman,7.3
RichardRich,7.65
ArtStevens,7.3
ClaudeMiller,7.25
GeoffMurphy,6.8
BillForsyth,7.199999999999999
Jean-JacquesAnnaud,7.425000000000001
GeorgeMiller,7.6
IstvánSzabó,7.8
JohnA.Russo,4.8
GlennJordan,6.833333333333333
DavidSteinberg,5.85
IsaoTakahata,7.540000000000001
EmirKusturica,7.814285714285715
CharlesB.Griffith,3.2
MichaelMann,7.720000000000001
JuliuszMachulski,7.375000000000001
AlexanderGrasshoff,7.1
JonathanDemme,7.6000000000000005
DennisYu,6.4
PatrickBokanowski,7.1
JayneLoader,7.6
KevinRafferty,7.6
PierceRafferty,7.6
LarsvonTrier,7.359999999999999
WayneWang,7.400000000000001
MarioCamus,7.65
SamRaimi,7.6000000000000005
PeterDuffell,7.0
AmyHeckerling,7.2
MarcellJankovics,7.9
GraemeClifford,7.4
MaurizioPonzi,6.8
AllaSurikova,7.85
PaulNicholas,6.2
KathleenCollins,6.3
ChiaYungLiu,6.0
TerryHughes,7.7
JerzySkolimowski,7.5
JanSvankmajer,7.599999999999999
RichardBenjamin,7.4
VladimirVorobyov,7.5
Jean-MariePoiré,7.3
JoeLayton,7.7
DonBluth,7.366666666666667
JimmyT.Murakami,7.949999999999999
DianneJackson,8.2
NicholasMeyer,7.7
GillianArmstrong,7.15
ZbigniewRybczynski,7.7
TakashiIto,7.0
AnnHui,7.6
PiersHaggard,6.5
WilliamLustig,6.6
TimBurton,7.699999999999999
IgorAuzins,6.9
SerifGören,8.2
YilmazGüney,8.149999999999999
MoriMasaki,8.0
BobClark,8.0
RolanBykov,7.7
YaropolkLapshin,6.7
BruceGowers,8.375
PedroAlmodóvar,7.316666666666666
AllanArkush,6.8
NikosNikolaidis,6.833333333333332
PhillipBorsos,7.4
EdwardYang,7.8500000000000005
RichardChase,6.3
KevinKeating,6.3
DonKelly,6.3
KundanShah,8.1
WitoldLeszczynski,7.6
GodfreyReggio,7.800000000000001
BurnyMattinson,8.0
Chih-HungKuei,7.1
HaroldRamis,7.7
SimonWincer,7.3
CostasFerris,8.2
RichardMarquand,8.3
TsoNamLee,7.1
AlanJohnson,6.8
VeljkoBulajic,6.0
DavidCronenberg,7.360000000000001
JohnBadham,7.1
MarkHall,7.7
PatrickSchulmann,6.5
JeanBecker,7.3
DusanKovacevic,8.65
"""BozidarBotaNikolic""",8.9
JoelCoen,7.709999999999999
EthanCoen,7.709999999999999
MaríaLuisaBemberg,6.9
CliveDonner,7.8
IvanReitman,7.8
EldarShengelaia,8.9
RobertHouston,6.3
AndréMélançon,7.5
KaigeChen,7.114285714285714
RonMaxwell,6.1
RolandJoffé,7.6
MichaelElliott,7.6
DanièleHuillet,7.1
BarryLevinson,7.6
WesCraven,7.35
TomSchiller,6.2
BélaTarr,7.566666666666666
JimJarmusch,7.633333333333333
JoanFreeman,5.9
MartinBell,8.2
JamesCameron,7.824999999999999
RobEpstein,8.033333333333333
MamoruOshii,7.640000000000001
BilleAugust,7.175
RobertZemeckis,7.914285714285714
RichardCondie,7.1
AgnieszkaHolland,7.175
TerryGilliam,7.75
JohnHughes,7.766666666666666
RonFricke,8.299999999999999
JonathanLynn,7.449999999999999
GilBettman,5.1
GavinMillar,6.9
AlejandroDoria,8.2
HansAlfredson,6.3
LuisPuenzo,7.7
Chi-HwaChen,7.6
VidhuVinodChopra,7.5
MichaelSchultz,6.5
TerryZwigoff,7.666666666666667
LasseHallström,7.699999999999999
DorisDörrie,6.933333333333334
JûzôItami,7.066666666666666
WoodyAllen,7.62
Siu-TungChing,6.7
StuartGordon,7.2
"""DanOBannon""",7.3
EdFriedman,7.2
LouKachivas,7.2
MarshLamore,7.2
BillReed,7.2
GwenWetzler,7.2
MickJackson,8.0
JaneHowell,7.7
AgustíVillaronga,6.8
PeterMasterson,7.5
JohnIrvin,6.6
Jean-JacquesBeineix,7.4
MichaelJones,7.5
FéridBoughedir,6.7
PeterCoe,7.5
JoanDarling,4.6
EliseoSubiela,7.233333333333334
DavidAnspaugh,7.5
RickyLau,5.8
DidierGrousset,5.7
SubhashGhai,7.1000000000000005
MeiChunChang,7.1
KarenShakhnazarov,8.0
RonnyYu,6.85
PäiviHartzell,6.6
JohnLasseter,7.75
ManiRatnam,8.399999999999999
AugustoCaminito,5.2
MarioCaiano,5.2
MaurizioLucidi,5.2
LuigiCozzi,5.2
TimothyBond,5.35
RonSatlof,7.2
OliverStone,7.6
HalNeedham,7.0
Kwon-taekIm,7.35
AlexCox,7.1
RobReiner,7.771428571428571
StephenQuay,7.4
TimothyQuay,7.4
WeiserQuay,7.4
RobertMandel,5.8
NelsonShin,7.3
AkiKaurismäki,7.525
JoãoCésarMonteiro,7.0
GabrielAxel,7.8
BarbetSchroeder,7.3
HiroyukiKitakubo,6.5
ShirowMasamune,6.5
TaylorHackford,7.6800000000000015
StanislavGovorukhin,7.9
EmileArdolino,7.0
RobertTownsend,7.7
KazuoHara,8.2
CoreyYuen,7.05
JerryCiccoritti,4.7
SeijirôKôyama,8.1
LionelChetwynd,6.2
JohnHough,7.1
StijnConinx,6.8
YimouZhang,7.7299999999999995
DavidMamet,7.25
LawrenceBassoff,4.7
FrediM.Murer,7.3
OsamuTezuka,7.2
MabelCheung,7.7
JohnSayles,7.333333333333333
ShekharKapur,7.599999999999999
NilsGaup,7.2
DhimiterAnagnosti,7.5
AndyAnderson,6.0
JohnMcTiernan,7.866666666666667
BruceA.Block,3.4
RobertStone,7.4
JeffLieberman,5.7
JohnFasano,4.1
YuWang,4.2
DustyNelson,4.2
AlanGrint,7.2
AlbertMagnoli,6.75
DavidIrving,6.1
MichaelBerz,6.8
RamónMenéndez,7.3
ToddHaynes,7.5
BruceRobinson,7.7
JohnDuigan,7.45
DavidDawkins,8.3
ChrisHegedus,7.7
KatsuhiroÔtomo,7.85
FrankStrecker,5.7
DeanParisot,7.3
RichardBoden,8.0
ManoeldeOliveira,7.033333333333334
FrankOz,7.4
RickRosenthal,5.7
HarleyCokeliss,5.4
FrancisDelia,5.0
LucBesson,7.7749999999999995
YoshiyukiTomino,7.4
AndrewSolt,7.9
CliftonKo,7.2
UlrikeOttinger,6.5
NoboruIshiguro,7.6
BruceWeber,7.9
ChristineEdzard,7.3
FiorellaInfascelli,7.0
MartinBrest,7.75
StereGulea,8.9
GianfrancoGiagni,6.6
ThomEberhardt,6.25
GiuseppeTornatore,7.924999999999999
JohanvanderKeuken,7.8
PercyAdlon,7.4
TaaviKassila,6.1
MarthaCoolidge,6.4
PekkaParikka,7.45
MichalLeszczylowski,7.9
MiraNair,8.0
MenahemGolan,5.8
VladimirBortko,8.7
GeorgeSluizer,7.8
GuyMaddin,7.08
ErrolMorris,7.675000000000001
PaulBogart,7.7
ColinGregg,6.0
AleksandrKaydanovskiy,6.9
Jean-LoupHubert,6.9
ChristophLauenstein,7.9
WolfgangLauenstein,7.9
EricRed,6.4
HeinerCarow,6.9
JeffreyFriedman,7.9
ChristopherLeitch,5.800000000000001
SpikeLee,7.460000000000001
GusVanSant,7.44
PhilAldenRobinson,7.5
AlReinert,8.2
PaulDonovan,5.1
EdwardZwick,7.75
MichaelLehmann,7.2
DirkCampbell,5.6
JorgeFurtado,7.766666666666667
RomanZaluski,6.8
JoePytka,6.8
RonClements,7.5249999999999995
JohnMusker,7.5249999999999995
GabrieleSalvatores,7.139999999999999
SteveDeJarnatt,7.0
JimSheridan,7.8
JorgeSanjinés,7.1
JeremiahS.Chechik,7.6
RobertKaylor,5.7
AlainCorneau,6.8
EricLuke,6.1
DickBartlett,7.3
ChristianI.NybyII,7.099999999999999
PedroCosta,7.1000000000000005
AlejandroJodorowsky,7.6
CameronCrowe,7.6
MichaelHaneke,7.433333333333333
LeeGrant,6.3
EricRochant,7.0
"""PatONeill""",7.3
KlausMaeck,7.3
YoshiakiKawajiri,7.433333333333334
PennyMarshall,7.8
YvesRobert,7.6
LarryPeerce,6.9
NickPark,7.975
AndyWolk,5.800000000000001
BertrandTavernier,7.15
ChristopherMenaul,7.0
MichaelPaulGirard,4.2
RajkumarSantoshi,7.824999999999999
ChrisColumbus,7.4
GeneQuintano,5.1
JamesLapine,8.6
AdrianLyne,7.2
FengliangYang,7.7
NgaiChoiLam,5.7
NormanRené,6.4
SoorajR.Barjatya,7.3
WhitStillman,7.4
BobBralver,5.1
FrancoPiavoli,7.65
JennieLivingston,8.2
PierreFalardeau,7.1
MarekKoterski,7.033333333333334
GarryMarshall,7.0
XavierKoller,7.5
TomStoppard,7.5
MatsHelgeOlsson,2.7
AndersNilsson,2.7
MattiIjäs,6.949999999999999
SuFriedrich,7.3
HalHartley,7.05
IshirôHonda,7.8
GeorgeGallo,7.3
Kar-WaiWong,7.699999999999998
LeosCarax,7.6
GaryTrousdale,8.0
KirkWise,8.0
JeffreyReiner,5.8
JohnSingleton,7.050000000000001
RyszardBugajski,7.1
PéterTímár,7.8
RobertMugge,7.0
MarcCaro,7.6
JonAvnet,7.7
FaxBahr,8.1
GeorgeHickenlooper,7.566666666666666
EleanorCoppola,8.1
RichardShepard,6.5
JamieLuk,5.8
JanSverák,7.6000000000000005
RenateWestphal-Lorenz,8.0
DanieleLuchetti,7.0
SubhankarGhosh,8.0
TrentHarris,7.449999999999999
EmidioGreco,7.1
CynthiaScott,7.7
SteveMiner,7.2
HarkTsui,7.3
MortenSkallerud,7.6
DavidMarkey,7.5
TakeshiKitano,7.533333333333334
DonAskarian,7.1
P.J.Pesce,4.1
PeterJackson,8.34
JoeBerlinger,7.833333333333333
BruceSinofsky,7.833333333333333
RémyBelvaux,7.5
AndréBonzel,7.5
Ming-liangTsai,7.333333333333333
FrankPierson,6.75
ColineSerreau,6.8
AurelioGrimaldi,5.6
DavidVanTaylor,7.3
VincentMonton,4.0
EvgeniyYufit,6.15
JamesFoley,7.8
BrunoBianchi,5.3
RégisWargnier,7.0
MansoorKhan,8.2
ErnestR.Dickerson,7.1
LeslieHarris,6.3
EbrahimForouzesh,7.1
GianniAmelio,7.266666666666667
MasamiHata,7.15
WilliamT.Hurtz,7.2
TerenceDavies,6.800000000000001
JingWong,6.85
AdolfoAristarain,7.666666666666667
Jean-ClaudeLauzon,7.5
MartinDonovan,6.6
PeterWintonick,8.2
SrdjanDragojevic,7.9
AnthonyPullenShaw,7.3
BrianHenson,7.7
AlexvanWarmerdam,7.15
WladyslawPasikowski,7.25
QuentinTarantino,8.157142857142858
AlanRoberts,3.8
JohnnieTo,7.166666666666667
RakeshKumar,4.5
KristínJóhannesdóttir,7.1
ArtLeonardi,8.0
RichArons,8.0
KenBoyer,8.0
KentButterworth,8.0
BarryCaldwell,8.0
AlfredGimeno,8.0
GoranMarkovic,8.0
ChrisWalas,5.8
ArnoldGlassman,7.7
ToddMcCarthy,7.7
StuartSamuels,7.550000000000001
RaymondLee,7.3
RolfdeHeer,7.4
DanRiba,7.8
EricRadomski,7.8
BruceTimm,7.8
KevinAltieri,7.8
BoydKirkland,7.8
FrankPaur,7.8
KunihikoIkuhara,7.449999999999999
JohnN.Smith,7.6
AndrewBirkin,7.1
LodgeKerrigan,7.1
RichardLinklater,7.875
OrhanOguz,7.6
GérardMordillat,7.0
JoelSchumacher,7.466666666666666
JuanCarlosTabío,7.15
AndrewDavis,7.8
ToddPhillips,7.3
TonyBill,7.1
MaheshBhatt,7.65
PaulHarather,8.0
TetsurôAmino,7.3
YoshimiKatsumata,7.3
NaoyoshiKusaka,7.3
NaohitoTakahashi,7.3
BillKrohn,7.2
MyronMeisel,7.2
RichardWilson,7.2
NormanFoster,7.2
RakeshRoshan,5.1
JeanvandeVelde,6.7
ZhuangzhuangTian,7.6
KeizôShimizu,7.6
DenysArcand,6.7
RayMüller,7.9
AlbertHughes,7.5
AllenHughes,7.5
RomanCheung,5.6
AnhHungTran,7.3
MarcoRisi,5.4
HenrySelick,7.85
JerryP.Jacobs,5.4
GiovanniVeronesi,5.8
JaneCampion,7.199999999999999
DavidMickeyEvans,7.8
StevenZaillian,7.4
DaveBorthwick,7.2
JeffreyLau,7.1
AdrianShergold,7.2
JosephVilsmaier,7.5
FloydMutrux,6.5
FrançoisGirard,7.55
MichaelCaton-Jones,7.5
AleksandrSokurov,7.233333333333334
JosephMerhi,4.6
GeorgeP.Cosmatos,7.8
KevinJarre,7.8
TonyScott,7.633333333333333
FriðrikÞórFriðriksson,7.0
StephanElliott,7.4
CheikDoukouré,6.4
KathyDougherty,8.0
SusanFroemke,8.0
JunjiNishimura,7.4
TobyRussell,6.6
AlainBerbérian,7.7
KevinSmith,7.7
MichaelBlakemore,6.7
AlexProyas,7.6
BruceMcDonald,7.1
MicheleSoavi,7.2
BenBurtt,7.0
PhyllisFerguson,7.0
JamesNeihouse,7.0
GailSinger,7.0
OlivierAssayas,6.966666666666666
BruceBrown,7.6
DevBenegal,6.7
SergioCabrera,7.8
PedroSerrazina,7.3
BenVerbong,5.3
AaronKimJohnston,6.0
BoazYakin,7.699999999999999
JeanBach,7.4
Lik-ChiLee,7.25
SteveJames,7.4
CatherineCyran,3.9
NeilJordan,7.4
GordonChan,7.5
MehulKumar,7.4
UlrichSeidl,7.233333333333333
RogerAllers,8.15
RobMinkoff,8.5
JohnWeidner,4.8
LungHsiao,6.4
OleBornedal,7.3
AlanJacobs,5.5
LeeTamahori,7.9
PingHe,6.9
MaxTash,7.0
MichaelRadford,7.7
MilchoManchevski,8.0
CédricKlapisch,7.366666666666667
RintaroMayuzumi,6.8
KazuyoshiOkuyama,6.8
PatriceChéreau,7.4
KellyReichardt,6.55
AndréTéchiné,6.966666666666666
DannyBoyle,7.55
TomClegg,7.8999999999999995
FrankDarabont,8.95
MelChionglo,5.6
KukuKohli,5.7
JonMoritsugu,6.7
BudFriedgen,7.6
MichaelJ.Sheridan,7.6
HoYim,7.0
LucianPintilie,7.633333333333333
JohnGordillo,8.1
JohnRoberts,7.5
JánosSzász,7.0
Tung-ShingYee,6.966666666666666
AngLee,7.76
MichaelHenryWilson,8.5
MichaelRymer,7.0
JonBlair,8.0
MarleenGorris,7.4
RonHoward,7.874999999999999
ÓscarAibar,5.1
JafarPanahi,7.7
SimonWells,7.1
JohnSchultz,7.1
ScottKalvert,7.3
ÉtienneChatiliez,7.0
MichaelWinterbottom,6.3
KarimDridi,6.9
RobertLeacock,7.0
PeterHorton,7.7
RobertLee,4.3
RussHexter,6.8
TimRobbins,7.15
AkinoriNagaoka,6.6
AdityaChopra,8.1
RogerChristian,6.1
TheodoreThomas,8.0
F.GaryGray,7.3
LucasPlatt,6.1
TakashiIshii,6.8
JakovSedlar,4.3
JanJakubKolski,6.8
AndrewStevens,4.2
John-PaulDavidson,6.35
MathieuKassovitz,8.1
BrucePittman,7.3
BrettThompson,7.3
AlbertPyun,4.0
JamesMangold,7.3
BrianGrant,5.6
KennethBranagh,7.2
NoahBaumbach,6.9
TabMurphy,7.0
MikeFiggis,7.5
PaulKafno,9.2
GavinTaylor,9.2
EleanorBergstein,5.6
StephenSurjik,8.0
AlfonsoCuarón,7.775
TomDiCillo,7.4
JohnRubino,6.7
ShunjiIwai,7.6
HirokazuKoreeda,7.574999999999999
ColinWebb,8.1
MortRansen,7.1
KôjiMorimoto,7.55
TensaiOkamura,7.75
YoshifumiKondô,8.0
VincentMonnikendam,7.8
GregoryNava,7.0
AgustínDíazYanes,7.0
SusanneOfteringer,7.2
EricBross,5.8
OliverParker,6.9
GretaSchiller,7.4
MarcoTullioGiordana,7.425
VincentMcEveety,6.7
RogerMichell,7.35
KayoHatta,6.6
BryanGordon,5.7
MichaelBenson,8.8
JoshuaBrand,5.4
RamGopalVarma,7.5
DavidFincher,8.14
MártaMészáros,6.8
NigelFinch,7.0
MaciejSlesicki,6.85
MatthewGeorge,5.4
BryanSinger,8.5
JosStelling,7.25
JoanChen,7.5
ParthoGhosh,6.1
AnjelicaHuston,7.4
HettieMacdonald,7.5
Tian-MingWu,7.7
LucileHadzihalilovic,6.8
GregorNicholas,6.3
MarkJoffe,6.6
Sang-sooHong,7.016666666666667
VincentKok,7.0
SABU,6.9799999999999995
AnthonyMinghella,7.4
YavuzTurgul,8.3
FernandoLeóndeAranoa,7.4
SharunasBartas,7.333333333333333
AbelFerrara,6.6
MohsenMakhmalbaf,6.9
S.R.Bindler,7.6
JacoVanDormael,7.699999999999999
PhilipGoodhew,6.3
RajKanwar,5.6
SanjayLeelaBhansali,7.766666666666666
LynneStopkewich,6.4
JohnGreyson,7.3
ClaudeNuridsany,7.9
MariePérennou,7.9
TonyGatlif,7.5
TomWaller,5.7
KeithGordon,7.1
CharlesBurnett,6.7
BuddyGiovinazzo,6.449999999999999
ClaireDenis,7.1000000000000005
MajidMajidi,7.840000000000001
JacquesDoillon,6.85
MartineDugowson,5.9
GregoryHoblit,7.3999999999999995
JarmoLampela,6.366666666666667
MasayukiSuo,7.7
ScottHicks,7.7
TerryGeorge,7.699999999999999
RaoulServais,6.6
JohnBruno,7.7
KeithMelton,7.7
StanWinston,7.7
AlejandroAmenábar,7.699999999999999
PeterHo-SunChan,7.449999999999999
JulioMedem,7.5
Yu-HsunChen,7.6
TrevorNunn,7.2
GorcinStojanovic,8.1
JackFisher,6.4
CarloMazzacurati,6.6
SandrineVeysset,6.9
AlanRudolph,6.1
GaryGoldman,7.1
MichaelPaxton,6.5
PauloCaldas,7.1
LírioFerreira,6.949999999999999
VincentPereira,7.0
Siu-HungLeung,5.8
PaulThomasAnderson,8.0
SethZviRosenfeld,6.1
RobSitch,7.7
MarkDindal,7.1
TimMcCanlies,6.6
DavidHare,6.2
YuanZhang,6.5
MikeNewell,7.7
FinnTaylor,7.1
HenryJaglom,7.0
JuanAntoniodelaRiva,6.9
WilliamNicholson,7.2
SarahKelly,6.6
AndrewNiccol,7.699999999999999
BillPlympton,6.866666666666667
DavidDhawan,6.0
MikevanDiem,7.7
ThomasJahn,8.0
CurtisHanson,8.2
DavidLeland,7.4
DavidDeCoteau,6.2
WolfgangBecker,7.45
AntonioTibaldi,6.3
TheodoreWitcher,7.5
AlainBerliner,7.6
PeterChelsom,7.3
BobGosse,6.55
GaryOldman,7.3
BrunoBarreto,7.4
JamesL.Brooks,7.7
DavidRocksavage,6.4
BillRyan,6.8
PatrickKeiller,7.2
HelmutDietl,6.4
PredragAntonijevic,7.3
StefanSchwartz,6.6
NikitaMikhalkov,7.8
JeffBurr,4.4
GarySinyor,6.4
BobBalaban,6.6
PatriciaBenoit,6.6
JulieDash,6.6
TedDemme,7.324999999999999
AshBrannon,7.9
LeeUnkrich,8.075
JoséLuisGuerín,7.4
HermineHuntgeburth,6.2
RossKaganMarks,6.6
Priyadarshan,7.55
WilliamGazecki,7.9
GakuryûIshii,7.2
TonyKaye,8.35
SpikeJonze,7.8999999999999995
JulieTaymor,7.35
MichaelVejar,7.7
GuyRitchie,7.949999999999999
BrianSkeet,5.2
TonyBancroft,7.6
BarryCook,7.6
LanceHool,6.1
Jean-PhilippeToussaint,6.2
GaryRoss,7.5
ChrisBuck,7.3
KevinLima,7.3
EricGoldberg,7.2
JamesAlgar,7.2
GaëtanBrizzi,7.2
PaulBrizzi,7.2
HendelButoy,7.2
FrancisGlebas,7.2
MikeJohnson,7.3
SándorMihályfy,8.4
HéctorOlivera,7.2
AshutoshGowariker,7.625
MarinKarmitz,6.6
TaiKatô,6.8
HarryKümel,7.6
GiannisDalianidis,6.6
AlekosSakellarios,7.225
"""EnzoDAlò""",7.0
ZbynekBrynych,7.1
KiyoshiKurosawa,6.75
NicosPerakis,7.7
MortenArnfred,6.3
HenningKristiansen,6.3
CarineAdler,6.5
PavelChukhray,7.7
PieroSchivazappa,6.9
FredKelemen,6.9
SkipWoods,7.2
GeorgePaulCsicsery,7.5
AmosKollek,7.2
AndrewAdamson,7.8
VickyJenson,7.8
Hans-ChristianSchmid,7.1
PeterMeyer,7.3
BennyChan,6.85
DervisZaim,7.8
RickElgood,6.9
DonLetts,6.9
Ki-YongPark,5.1
SylvainChomet,7.7
DominiqueBenicheti,7.6
PetrZelenka,7.35
ZekiDemirkubuz,7.933333333333334
RobertLepage,7.0
WesAnderson,7.5200000000000005
NikosPanayotopoulos,7.2
IvarsSeleckis,8.4
AndreySmirnov,7.9
JackChambers,6.8
BradBird,7.9
TomShadyac,6.8
ThomasMichaelDonnelly,6.2
RichardSchickel,7.1
MichaelSnow,6.833333333333333
VincentBal,7.9
JuliaSt.Vincent,6.2
JoséValdelOmar,7.6
TomTykwer,7.566666666666666
HollisFrampton,6.6
GenrikhOganisyan,7.4
JanPinkava,7.95
RenatoPolselli,4.7
AttilaDargay,8.4
JoeJohnston,7.8
LanaWachowski,8.7
LillyWachowski,8.7
KôkiMitani,7.8
JamesMerendino,7.5
GeoffreyReeve,4.3
LoneScherfig,5.7
YuriyChulyukin,8.0
MassimoVenier,6.975
PeterThorwarth,7.6
HeddyHonigmann,7.6
MarkPellington,7.2
TaHuang,5.5
BrianKatkin,5.6
AnneWheeler,7.0
DarrenAronofsky,7.900000000000001
BiboBergeron,6.9
DonPaul,6.9
JeffreyKatzenberg,6.9
DerekBurbidge,8.0
LizGarbus,7.3
JonathanStack,7.5
DougLiman,7.550000000000001
IaraLee,7.2
FrançoisOzon,6.966666666666666
AntoineFuqua,7.566666666666666
ErwinKeusch,7.1
ChristianWeisenborn,7.1
SureshKrishna,7.6499999999999995
MarcEvans,6.45
LouisC.K.,6.5
SusanSkoog,6.4
StanBrakhage,7.1
Jin-hoHur,7.35
ShujiGoto,4.7
WalterSalles,7.85
TimRoth,7.3
TakashiMiike,7.140000000000001
ShigeyasuYamauchi,7.533333333333334
YoshihiroUeda,7.9
DaisukeNishio,7.85
ToyooAshida,7.3
RafaelCorkidi,6.7
LodewijkCrijns,6.3
DougPray,7.550000000000001
ZhangkeJia,7.25
MaryHarron,7.6
TroyDuffy,7.8
TedNewsom,6.6
RogérioSganzerla,7.5
SusanMuska,7.2
GrétaOlafsdóttir,7.2
IgnacioAgüero,8.2
DinosDimopoulos,7.533333333333332
NeillFearnley,5.3
PaoloAgazzi,6.9
ToddSolondz,7.7
GilJunger,7.3
LawrenceLanoff,2.7
TamaraHernandez,5.3
ChrisBould,8.649999999999999
RupertEdwards,8.6
BennettMiller,7.7
SteveYeager,7.7
LukasMoodysson,7.65
Ki-youngKim,7.3
Carl-GustavNykvist,6.9
MikeJudge,7.7
BoazDavidson,7.4
ThomasVinterberg,8.0
ChristopherNolan,8.366666666666667
RolfSchübel,7.8
JamesBenning,7.199999999999999
PeterTscherkassky,6.475
SatoshiKon,7.85
SamiraMakhmalbaf,7.2
GasparNoé,7.366666666666667
LarsLennartForsberg,7.3
ZiadDoueiri,7.35
TorunLian,6.9
KarinJulsrud,5.9
SheldonRenan,7.6
LeonardSchrader,7.6
FernandoTrueba,6.8
SaulSwimmer,8.2
ToshiyaFujita,7.7
ShariSpringerBerman,6.7
RobertPulcini,7.050000000000001
SofiaCoppola,7.45
ChungManYee,6.4
BenStassen,5.5
SeanMacLeodPhillips,5.5
HeidiKöngäs,6.5
ToddMorris,5.8
VladimirBychkov,7.1
RickFamuyiwa,6.75
NicolasWindingRefn,7.325
CarolineLink,7.25
BenHopkins,6.95
NeilTuritz,6.1
KevinJordan,7.7
MichaelMiner,6.8
PeterGorski,7.2
SatsuoYamamoto,7.0
PantelisVoulgaris,7.9
ThodorosMaragos,8.1
JérômeLaperrousaz,7.3
JoséAntonioSistiaga,7.3
TomasVillumJensen,6.1
RainerKirberg,7.1
ChiLo,5.5
GeraldKargl,7.4
BobGale,7.7
ArunasZebriunas,8.1
BillCorcoran,5.5
KimLonginotto,7.5
ZibaMir-Hosseini,7.5
KirkJones,7.3
GiacomoPoretti,6.9
GiovanniStorti,6.9
HiroshiAoyama,7.8
KazumiFukushima,7.8
JimStenstrum,7.366666666666667
PhilippeGrandrieux,6.35
KellyAsbury,7.1
LornaCook,7.1
JanHrebejk,7.599999999999999
M.NightShyamalan,8.1
DavidZellner,8.0
HansPetterMoland,7.1
DavidRiker,7.0
ArtourAristakisian,8.0
HideakiAnno,7.571428571428571
MichaelGlawogger,7.0
GoranPaskaljevic,7.8
SantoshSivan,7.0
SamMendes,8.0
ToshihikoMasuda,7.8
KazuyaTsurumaki,7.68
Masayuki,7.55
JariHalonen,6.1
RaduMihaileanu,7.800000000000001
IvanAndonov,9.1
LisanneSkyler,6.7
DusanHanák,8.1
LynneRamsay,7.15
KimberlyPeirce,7.5
VladimirGrammatikov,7.1
DonMcBrearty,7.199999999999999
KaranJohar,7.550000000000001
KonstantinLopushanskiy,7.3
DavidMallet,7.7
RoyFrumkes,6.7
JiríBarta,7.9
JamesMoll,7.6
MalcolmLeo,7.2
MatthewDiamond,6.8
PaulLevine,4.9
RobertB.Weide,7.9
OlegBondarev,7.2
ZafarHai,5.9
M.R.Shahjahan,5.9
TimothyB.Johnson,7.4
TonySilver,8.1
SebastianSchipper,7.300000000000001
FatihAkin,7.725
NikolaiRasheyev,6.0
JackBender,4.6
DarkoMitrevski,6.9
AleksandarPopovski,6.9
PaulJay,8.1
ChuckWorkman,7.9
BélaTernovszky,8.4
LasseSpangOlsen,7.4
DeborahWarner,5.9
ChrisSmith,7.3
MichelOcelot,7.466666666666666
RaymondBurlet,7.5
T.FikretUçak,4.1
TakashiKoizumi,7.7
PhilippedeChauveron,5.8
ErickZonca,6.95
LawrenceJordan,8.7
RaminSerry,6.5
WuMa,5.4
ZdravkoSotra,7.949999999999999
NadezhdaKosheverova,6.9
KazuoMori,7.05
JoséLuisCuerda,7.6
GeirHansteenJorgensen,7.3
HarrieGeelen,7.5
BjørnFrankJensen,7.5
BertKroon,7.5
Jee-woonKim,7.2749999999999995
YesimUstaoglu,7.0
NickZedd,4.8
MarkOsborne,8.1
PaulSharits,5.8
LeonidNosyrev,8.1
JoachimFest,7.5
ChristianHerrendoerfer,7.5
MonikaTreut,5.9
BobGoe,7.0
JohnKimball,7.0
CharlesA.Nichols,7.0
JaySarbry,7.0
RayPatterson,7.0
HarmonyKorine,6.9
CharlesSturridge,7.8
TobyKeeler,7.3
BernardQueysanne,8.1
DaveUnwin,7.6
DennisAbey,7.6
HiroyukiOkiura,7.7
RobertoInfascelli,6.8
RobertLieberman,6.550000000000001
LarsBecker,6.8
SalvatoreSamperi,6.4
StevenSoderbergh,7.55
DonMischer,8.0
GrantGee,7.6
PanNalin,7.4
JonasMekas,7.65
JaymeMonjardim,6.5
ShinobuYaguchi,6.9
LudoCox,5.2
PeteDocter,8.0
DavidSilverman,8.0
RoccoUrbisci,8.422222222222222
GinaPrince-Bythewood,7.25
KazuoIkehiro,7.2
Jean-PierreDardenne,7.5
LucDardenne,7.5
JohnMathewMatthan,8.1
KeithTruesdell,8.1
SerdarAkar,8.1
Tso-chiChang,7.050000000000001
NesliÇölgeçen,8.7
AndreaTonacci,7.0
BenoîtMariage,6.8
ShajiN.Karun,8.2
ShaneMeadows,7.633333333333333
YoshitarôNomura,7.2
RaymondDeFelitta,7.1
DmitriyAstrakhan,7.0
YoshihiroIshikawa,6.75
BazLuhrmann,7.6
GeorgeTillmanJr.,7.2
JonathanGlazer,7.699999999999999
KeiichiOzawa,6.75
MeredithMonk,6.7
MariaPeters,6.1
TimWebb,6.8
DavidShapiro,6.7
LaurieGwenShapiro,6.7
EuniceMacaulay,7.3
JohnWeldon,7.3
KevinBurns,7.9
DavidComtois,7.5
AleksandrPetrov,8.1
HamishHamilton,9.1
AkihikoShiota,7.0
BradAnderson,7.45
KatrinOttarsdóttir,6.5
EdoBertoglio,7.1
SiegfriedHartmann,6.6
EfremPruzhanskiy,7.7
HannesStöhr,7.3
Kuo-FuChen,7.1
PaulWeiland,7.7
HawleyPratt,8.0
BillPerez,6.9
RaymondSt-Jean,7.0
K.S.Ravikumar,8.1
RonMann,7.2
Jean-PierreDenis,6.8
RockySchenck,7.4
MarkHenn,6.8
YuriyButyrin,7.2
AndreyIgnatenko,7.2
AleksandrLyutkevich,7.2
DavidOndrícek,7.6
ClarenceYiu-leungFok,6.5
ThanasisPapathanasiou,6.5
MichalisReppas,6.5
MaheshManjrekar,6.45
StevenOkazaki,8.15
LuisEstrada,8.0
JohnCarney,7.4
ArthurLipsett,7.0
ShôjiKawamori,7.3
StuartJ.Levy,7.3
MimiLeder,7.2
NorifumiSuzuki,6.6
MichaelPressman,7.8
AndaleebSultanpuri,4.8
"""ShunyaItô""",7.199999999999999
LinusTunström,5.5
MioEzaki,6.8
NoboruTanaka,5.9
BobGiraldi,8.0
KennethJohnson,7.5
HideoNakata,6.2
JemCohen,8.1
KevinMacdonald,7.6499999999999995
CurtGeda,7.8
ButchLukic,7.8
YukioSuzuki,7.8
ChristianFaure,7.8
FentonBailey,6.65
RandyBarbato,6.65
BenoîtJacquot,5.8
LucasBelvaux,6.5
Pen-EkRatanaruang,7.4
MartinPasetta,7.3
MichaelGrossman,7.8
D.J.Caruso,7.1
SophieFillières,5.8
AndersThomasJensen,7.6000000000000005
JulienTemple,7.65
MaaritLalli,7.7
ServandoGonzález,8.1
SilvioSoldini,7.1
OlafLubaszenko,7.6
JohnHay,6.6
AlekseyBalabanov,7.449999999999999
F.A.Brabec,7.2
YangZhang,7.133333333333333
YunusMalik,7.1
KevinKerslake,8.4
SteffenSchäffler,7.1
JiríTrnka,8.0
LucreciaMartel,7.1
HiroshiSaitô,7.7
GuyDebord,8.1
PatrickG.Donahue,4.4
RobertBoris,2.0
IgorKovalyov,6.7
LuizFernandoCarvalho,7.7
XavierLee,7.7
PiotrDumala,7.3
Mohammad-AliTalebi,7.4
AcheroMañas,7.2
GérardCorbiau,7.0
MichaelPattinson,6.3
BobSmeaton,7.7
PerFly,7.4
YurekBogayevicz,6.8
DonKempf,7.5
JamesD.Stern,7.5
E.V.V.Satyanarayana,6.3
AlejandroG.Iñárritu,7.9
KevinReynolds,7.8
TonyPiccirillo,6.5
RichardKelly,8.0
MarkHerman,7.25
FabiánBielinsky,7.9
Chang-dongLee,7.800000000000001
ChristophStark,6.2
PeterLindholm,6.1
StevenJ.Santos,8.299999999999999
MarkJonathanHarris,7.7
OlliSaarela,6.3
ÁgnesHranitzky,7.6499999999999995
StephenDaldry,7.599999999999999
UdayanPrasad,5.1
AlainChabat,6.6
OliverHirschbiegel,7.949999999999999
KarenDisher,8.2
GuyMoore,8.2
ToddStephens,6.9
MichaelFrench,7.7
NickCassavetes,7.449999999999999
PeeterSimm,7.0
TroyMiller,7.6
LionelColeman,7.4
YolandaGarcíaSerrano,7.0
JuanLuisIborra,7.0
NatukBaytan,7.65
KartalTibet,7.9
ErtemEgilmez,8.477777777777778
ZekiÖkten,8.55
JordanMelamed,7.3
BenRock,6.0
BarryBruce,6.3
MarcS.Grenier,5.1
FransZwartjes,6.2
DharmeshDarshan,6.5
GreggChampion,7.35
GlennCasale,7.2
GaryHalvorson,7.2
GuillermodelToro,7.8
MikeDeLeon,6.75
LievenDebrauwer,6.9
RobertVernon,5.6
RoseTroche,6.5
IvánKapitány,7.7
KiethMerrill,8.0
ChristianZübert,7.3
ChrisFiore,5.7
BruceRicker,7.25
JasonVanVleet,7.4
Chan-wookPark,7.6000000000000005
"""RogerGnoanMBala""",6.9
MickNapier,4.3
CharlesSwenson,7.5
FredWolf,7.5
RichardFriedenberg,6.1
LaísBodanzky,7.7
RobertDrew,7.8
ÖmerVargi,8.2
PeterSehr,6.4
SandraGoldbacher,6.9
YorgosTsemberopoulos,6.3
AtifYilmaz,8.7
JeroenBerkvens,7.6
EdetBelzberg,8.3
IrwinWinkler,7.5
VinoodhMatadin,8.8
DannyCannon,8.8
ChrisCunningham,8.600000000000001
LynnFox,8.8
MichelGondry,8.55
EikoIshioka,8.8
NickKnight,8.8
JohnKricfalusi,8.8
ShunNakahara,7.5
AndrewStanton,8.25
GlenHill,7.3
BridgetTerry,7.5
DanYing,6.3
ChrisWedge,7.5
CarlosSaldanha,7.5
JosephCedar,6.65
MarionVernoux,6.3
ÖmerFarukSorak,8.0
KennethA.Carlson,7.2
WolfgangMurnberger,7.6
HelenStickler,7.2
GuelArraes,8.05
DaveSchultz,7.1
JonPurdy,6.7
RodLurie,7.0
M.A.Thirumugham,6.9
IainSoftley,7.4
NicoleGarcia,6.8
JacobKornbluth,6.2
IndraKumar,3.8
ErichNeuberg,8.9
FerencTörök,7.9
DomRotheroe,6.9
JacquesAudiard,7.4
FerzanOzpetek,7.033333333333334
PeterJones,7.9
HenryBarrial,6.5
PhilippeLeGuay,7.1
DavidMunro,8.3
"""ShinichirôWatanabe""",7.733333333333334
YoshiyukiTakei,7.9
StacyPeralta,7.5
GaleEdwards,7.1
NickMorris,7.833333333333333
RichMurray,5.6
DeanDeBlois,7.65
KateDavis,7.5
HansWeingartner,7.3
TobiasAmann,7.1
HubertusSiegert,7.1
JessieNelson,7.6
JoséeDayan,6.1
LavDiaz,6.9
JanHarlan,8.0
PhilipG.Atwell,8.5
PetterNæss,7.5
MichaelDudokdeWit,7.9
BernardÉmond,7.0
PhilRoman,8.3
TomuUchida,7.9
ArvinBrown,7.2
PaulGreengrass,7.766666666666667
DelphineGleize,6.2
CessSilvera,6.2
AdamShankman,7.4
DovKelemer,8.6
AngelaChristlieb,7.1
StephenKijak,7.15
P.Vasu,4.3
Hyun-seungLee,7.6
NonzeeNimibutr,6.1
SteveBarron,7.966666666666666
JustineShapiro,8.4
CarlosBolado,8.4
PeterKosminsky,7.1
OlaSimonsson,7.9
JohannesStjärneNilsson,7.9
DanisTanovic,7.9
MarkMedoff,6.7
NickDoob,8.05
MartinaKudlácek,7.4
AndréTurpin,7.2
MartyCallner,7.56
Ki-dukKim,7.3
CharlesKiselyak,7.3
GillesAmado,9.0
VladimírMichálek,7.5
KevinBooth,8.5
DavidJohndrow,8.5
AlixLambert,7.6
OndrejTrojan,7.6
GuyFerland,7.8
RobertGlinski,7.0
JørgenLeth,7.050000000000001
Hae-sungSong,7.6
JohnTerlesky,3.9
CristiPuiu,7.3
StefanPrehn,7.8
JörgWagner,7.8
EdoardoPonti,6.1
EricBress,7.6
J.MackyeGruber,7.6
AnubhavSinha,7.5
FruitChan,6.9
RyosukeHashiguchi,6.9
SangeethSivan,8.4
SydGaron,7.2
EricHenry,7.2
PaulMoloney,6.8
FarhanAkhtar,7.65
EstelaBravo,7.5
JuanJoséCampanella,7.8
AlainFresnot,6.9
GenndyTartakovsky,8.05
WilliamPhillips,7.2
GabrielBaur,5.9
Jae-youngKwak,7.6
PatrickDeval,6.6
PatricioGuzmán,7.5
SergeBard,6.7
LechMajewski,6.85
JinJang,6.9
PaoloSorrentino,7.35
MarcoBechis,6.6
PhilippeLeclerc,6.8
DidierBivel,6.1
Jae-eunJeong,7.3
WilliamGreaves,7.3
RichardHobert,5.6
JohnLittle,8.1
RobertSchwentke,6.8
NikiCaro,7.5
MarkkuPölönen,6.7
NikolaiVolev,8.6
ArtavazdPeleshian,7.6
TrevorSands,7.6
AndrésWood,7.15
TimFywell,6.9
PaulJoyce,7.4
IsraelAdriánCaetano,7.3
MorioAsaka,7.6
TerryKlassen,7.4
"""ThaddeusOSullivan""",6.6
ChristopherDillonQuinn,7.9
TommyWalker,7.9
MiloradMilinkovic,8.4
JacquesCluzaud,7.85
MichelDebats,7.9
TerryBenedict,8.3
LeeHirsch,7.3
ShermanAlexie,6.6
KirbyDick,6.5
AmyZiering,6.5
NanetteBurstein,7.4
BrettMorgen,7.4
RebeccaCammisa,7.8
RobFruchtman,7.8
YoshioKuroda,7.8
DougStone,7.8
AJSchnack,7.550000000000001
AntunVrdoljak,7.0
PhilipAnagnos,6.8
Jean-XavierdeLestrade,8.0
ThomasRiedelsheimer,7.6
RudySoedjarwo,7.8
FrançoisHanss,6.1
RickMcKay,8.7
AndyPicheta,8.7
DanaBrown,7.4
KeithFulton,7.4
LouisPepe,7.4
MarcForster,7.633333333333333
ChristianFrei,8.0
PieterKramer,6.7
DagYngvesson,5.8
JamesHanlon,8.4
GédéonNaudet,8.4
JulesNaudet,8.4
Jeong-hyangLee,7.8
AlexandraPelosi,6.699999999999999
AaronLubarsky,6.8
NaeCaranfil,8.5
RichardCurtis,7.6
IsabelCoixet,7.5
DannyDeprez,5.8
PaulJustman,7.8
AlfredoRodriguezdeVilla,5.9
PabloTrapero,6.8
VadimPerelman,7.5
AllanFrancovich,7.4
PeterSollett,7.2
DarrenAshton,6.2
BahmanGhobadi,7.75
FernandoMeirelles,8.6
KátiaLund,8.05
NicolasPhilibert,7.9
PeterMullan,7.7
JacquesMény,7.4
DanieleMazzocca,7.4
CristianoBortone,7.6
NicolaCondemi,7.4
VincenzoCusumano,7.4
FlaviaForesti,7.4
JuanGambino,7.4
CãlinPeterNetzer,7.1
AntonioMercero,7.0
CarlesBosch,7.3
JosepMariaDomènech,7.3
MichelHazanavicius,7.6
DominiqueMézerette,8.1
JohnHeyn,7.4
JeffKrulik,7.4
MatteoGarrone,7.0
CarlosReygadas,7.050000000000001
BentHamer,7.3
UlfMalmros,6.9
MarkMoskowitz,7.7
TrentCarlson,6.3
AhmetUluçay,7.9
GoreVerbinski,7.65
HarunFarocki,7.1
PeterGlantz,8.0
NickNoe,8.0
HiroshiAndo,6.5
KazuoInoue,7.5
SamJones,7.5
SamGarbarski,6.5
FrançoisDupeyron,7.3
AdamThomasAnderegg,6.7
TakashiShimizu,6.9
ChrisStenner,7.6
ArvidUibel,7.6
HeidiWittlinger,7.6
DejanZecevic,7.0
ImanolUribe,6.1
TrudieStyler,7.1
BuddhadevDasgupta,6.7
HidenoriSugimori,6.8
TanujaChandra,6.4
Chih-yenYee,7.3
JeffreyBlitz,7.5
AdamBhalaLough,6.6
SarahGeorge,6.9
StephenWhittaker,6.7
MarkMilgard,6.9
JaneAnderson,7.2
A.W.Vidmer,6.1
AndrewLau,7.449999999999999
AlanMak,7.433333333333333
AbdellatifKechiche,7.15
RickSchmidlin,6.4
MichaelBurke,7.1
ThierryBinisti,6.449999999999999
AndrewGetty,5.5
AndreaArnold,7.199999999999999
RenéManzor,6.8
TomMcCarthy,7.6
JoséPadilha,7.949999999999999
FelipeLacerda,7.8
PattyJenkins,7.35
GwynethGibby,6.3
StanleyYung,6.3
BrentZacky,7.8
JohnDullaghan,7.9
AndrewJarecki,7.7
RichardLaGravenese,7.366666666666667
AnastasiaPappas,7.9
TravisWilkerson,7.7
RobbMoss,7.2
LaurenLazin,7.9
DeborahStratman,7.4
ArnaudDesplechin,7.1
BobbyGarabedian,8.0
RichardRayPerez,7.7
JoanSekler,7.7
ArturWiecek,6.0
J.M.Kenny,8.3
ArthurGinsberg,7.633333333333333
NikkhilAdvani,8.0
FarahKhan,7.0
HiroyukiMorita,7.3
YannickBellon,7.6
SteveRosenbaum,7.1
PascalPlisson,6.5
NadirMoknèche,5.7
DominicHawley,8.3
SamuelBayer,8.3
RudiDolezal,8.3
StanleyDorfman,8.3
NickGoffey,8.3
"""GavinOConnor""",7.5
ShyamBenegal,7.5
AndrewR.Jones,7.6
TomaszBaginski,7.550000000000001
YangLi,7.6
DavidHeeley,7.6
RyanCombs,1.9
BongJoonHo,8.1
SathyanAnthikad,9.0
CharlesAtlas,7.4
KaiS.Pieck,6.9
CatherineHardwicke,7.1
YôjirôTakita,6.9
JorgeGaggero,7.0
SabihaSumar,7.6
ShaunMonson,8.7
TomSurgal,7.7
LanceBangs,8.166666666666666
KimGordon,8.05
DanKoretzky,7.7
ThurstonMoore,7.7
KennethBowser,7.5
LindaGoodeBryant,7.0
LauraPoitras,7.0
AndreasKleinert,7.4
ElliotGreenebaum,6.6
GuillaumeCanet,7.5
YukihikoTsutsumi,6.9
GastonBiraben,7.2
TonySpiridakis,5.5
BradleyBeesley,5.4
GeorgeSalisbury,5.4
YeLou,6.65
KimBartley,8.3
"""DonnachaOBriain""",8.3
JosephFrancis,3.6
YannSamuell,7.6
JoanChurchill,7.1
JimMcKay,6.5
YibaiZhang,7.0
EdgarWright,7.733333333333333
BernardGourley,3.4
AmmaAsante,6.4
BenCoccio,7.2
Jean-FrançoisPouliot,7.4
LucioPellegrini,6.2
Ka-FaiWai,7.0
MickDavis,7.4
SundarC.,8.8
HarryCleven,5.8
TakeshiKoike,7.3
DominicChampagne,8.0
RichardEyre,7.1
HirotoshiRissen,7.8
KazuhisaTakenouchi,7.8
LeijiMatsumoto,7.8
JimFields,8.0
MichaelGramaglia,8.0
PrachyaPinkaew,7.2
RithyPanh,7.3
SvetozarRistovski,7.6
RobertMarkowitz,6.4
HeinzBütler,7.3
YongHou,6.6
GreggAraki,7.6
JohnE.Hudgens,6.7
JonStone,7.3
JonFavreau,7.9
BretWood,6.9
VeikkoAaltonen,6.1
ChristopheBarratier,7.9
NathanielKahn,7.4
TomPiozet,7.6
ShaneBlack,7.5
ByambasurenDavaa,7.5
LuigiFalorni,7.4
DavidYates,7.6000000000000005
NimródAntal,7.7
AndersRønnowKlarlund,7.0
Tol,6.5
NiaDiNata,7.3
RajkumarHirani,8.1
PaulHaggis,7.8
GouthamVasudevMenon,8.0
MatthewVaughn,7.449999999999999
Bala,8.4
MichaelMatessino,7.8
AndreyZvyagintsev,8.0
ShonaAuerbach,7.7
DominiqueMonfery,7.9
PhilipSaville,7.7
IlyaMaksimov,6.8
KonstantinBronzit,6.8
DenisChernov,6.8
MikhailMeschaninov,6.8
JuanTaratuto,6.7
KenJacobs,6.3
TassosBoulmetis,7.5
PeterCornwell,7.8
AndrzejJakimowski,6.7
MarkAchbar,8.1
JenniferAbbott,8.1
VishalBhardwaj,8.2
HinerSaleem,6.8
DanOllman,6.9
SarahPrice,6.9
JossWhedon,7.9
BillyCorben,7.8
Pieter-RimdeKroon,7.0
ShemiZarhin,7.5
MartinCampbell,8.0
Jean-JacquesZilbermann,6.2
TenneyFairchild,6.0
JoramLürsen,6.5
"""JunichiSatô""",7.1
RobBakewell,7.1
KayPollak,7.5
SebastiánCordero,6.8
AdamElliot,8.05
TeddyMattera,6.0
KitarôKôsaka,7.0
CharlieKaufman,7.6
MeganMylan,7.6
JonShenk,7.6
MikeClattenburg,8.0
RadivojeAndric,8.4
JohnFortenberry,6.8
SulevNõmmik,8.2
DennisGansel,7.4
MichaelMcGowan,7.4
RobbieGrewal,6.9
LexiAlexander,7.5
BradMcGann,7.6
DavidHinton,8.3
TatsuoSatô,7.1
PeteMichels,7.6
PeterShin,7.8999999999999995
JamesGartner,7.2
Je-kyuKang,8.1
RomanCoppola,8.4
Jean-LouisLorenzi,7.7
MarenAde,7.2
DavidHickson,7.1
JamesWan,7.6
LuisMandoki,7.9
MichaelDowse,7.3
TerryLoane,7.3
ShôgoFuruya,7.8
HiroshiIshikawa,6.9
LeoSalkin,7.4
JacobThuesen,7.0
OndiTimoner,7.5
BingWang,8.4
SalvatoreMereu,6.2
SteveConnelly,8.2
BryanPoyser,5.8
EnidZentelis,4.9
PeterBerg,7.2
Han-junPark,5.9
JessicaYu,7.3
KatyChevigny,7.4
KirstenJohnson,7.4
HaYoo,7.4
JehaneNoujaim,7.6
NickolasPerry,6.9
HarryThomason,6.9
YoavShamir,7.9
ThomasCarter,7.3
BillMorrison,7.3
AlastairFothergill,8.0
MarkLinfield,8.0
GiorgioCapitani,7.0
EddyTerstall,7.35
RomanKachanov,6.8
NacerKhemir,7.6
RogerGould,7.0
RichardDutcher,6.8
PhilipMartin,7.6
MarcusMittermeier,7.3
SandeepSawant,8.3
RobMarshall,7.4
MariaJoãoGanga,6.7
DominicBrigstocke,7.975
JaredHess,6.6
NathanGreno,7.7
ByronHoward,7.7
GaborCsupo,7.1
KomgritTriwimol,8.1
VijjapatKojiw,8.1
SongyosSugmakanan,8.1
NithiwatTharatorn,8.1
WitthayaThongyooyong,8.1
AdisornTrisirikasem,8.1
DanielSchweizer,7.3
RaoulPeck,7.9
AnuragKashyap,8.5
DominikGraf,7.5
YôichiSai,7.2
Kuo-RenWu,5.4
Jean-MarcVallée,7.733333333333333
JulianSchnabel,8.0
KristianPithie,6.9
FrankMiller,8.0
RobertRodriguez,8.0
KrisztinaGoda,6.6
Pierre-PaulRenders,5.5
NtshaveniWaLuruli,7.1
InekeHoutman,6.4
JosephMealey,6.7
MichaelShoob,6.7
PéterForgács,7.9
LievSchreiber,7.4
WayneKramer,7.4
JanKrüger,5.9
FlorianHenckelvonDonnersmarck,8.4
XanCassavetes,7.7
RakeyshOmprakashMehra,8.2
JoelGallen,7.6
JamesSzalapski,8.0
TomásVorel,7.1
PjerZalica,7.6
AnaPoliak,6.5
FernandoEimbcke,7.3
ÇaganIrmak,7.95
ZackSnyder,7.65
Jong-chanYun,6.8
AlexBowen,7.2
RobertKanePappas,8.0
BlakeVandeGraaf,5.4
MehdiCharef,7.5
JordanScott,7.5
Jean-FrançoisRichet,7.5
RogerDonaldson,7.8
JasmineDellal,7.7
KatsuhitoIshii,7.7
StamatisTsarouchas,5.9
JosephCastelo,6.8
JoeWright,7.8
GeorgesSchwizgebel,7.1
TetsuyaNakashima,7.550000000000001
EdithBecker,8.3
MichaelCuesta,7.5
"""DamienODonnell""",7.8
MichelePlacido,7.2
DarrellRoodt,7.6
PierreGill,7.1
AmandaGoodwin,6.6
SaverioCostanzo,7.0
KennethGlenaan,6.9
ArnaSelznick,7.8
CarlosSorin,7.1
PhilBenson,8.1
AntonCorbijn,8.3
JohnHillcoat,7.4
ÖmürAtay,7.4
SelimDemirdelen,7.4
KudretSabanci,7.4
YücelYolcu,7.4
ÜmitÜnal,7.4
DavidLeaf,7.9
OlParker,6.8
AlexandruSolomon,7.6
ChristianCarion,7.7
CaroleHolliday,6.6
"""MatthewOCallaghan""",6.6
TheresaCullen,6.6
AsgharFarhadi,7.75
JudyIrving,7.8
PolaRapaport,6.9
JavierSoto,6.8
ChristofferBoe,6.6
NeilArmfield,7.3
KevinKnoblock,4.3
StanLathan,8.5
PaulMcGuigan,7.7
MertBaykal,8.2
JohnCafiero,7.7
MartinMcDonagh,7.7
StéphanCarpiaux,6.5
MagdalenaPiekorz,7.1
MarcRothemund,7.6
KirstenSheridan,7.5
JasonReitman,7.5
ZaneVella,9.2
WendyApple,7.8
PatrickPaulson,6.9
MichaelJohnWarren,6.9
JohnH.Lee,8.2
MelodyGilbert,6.8
GenSekiguchi,7.6
MartinKunert,6.5
JuliaKwan,6.9
DougBollinger,5.1
BxGiongrete,5.1
ArnaudLarrieu,6.0
Jean-MarieLarrieu,6.0
Woo-SukKang,5.4
JustinHardy,6.7
ThomasDurchschlag,6.8
JamesMcTeigue,8.2
LindaGoldsteinKnowlton,7.3
LindaHawkins,7.3
ToddKessler,7.4
JessicaSanders,7.7
JeffFeuerzeig,7.9
YvesMontmayeur,6.9
MichaelKang,6.7
MarkBecker,7.2
EugeneJarecki,8.0
ScottJ.Gill,7.8
MarilynAgrelo,7.4
VictorSalva,7.3
JonathanBerman,6.8
HiroyukiImaishi,7.2
MichaelMatheson,8.5
RickRowley,7.4
ScottDalton,7.5
MargaritaMartinez,7.5
XiaogangFeng,7.25
KevinDunn,8.6
NobuhiroDoi,7.9
JoséLuisGarci,5.5
AndrzejCelinski,7.9
HannaPolak,7.9
ShaneAcker,7.8
NeilBurger,7.6
AndrewDominik,7.5
MauriKunnas,7.5
HunterWeeks,6.6
GregoryGreene,7.5
JohnCurran,7.5
BradIsaacs,7.5
MattVancil,7.4
HeikiErnits,7.2
JannoPõldma,7.2
LarsKraume,6.5
Yoon-ChulJung,7.7
PekkaKarjalainen,6.3
JonathanDayton,7.8
ValerieFaris,7.8
OlivierDahan,7.6
MichaelBlieden,7.3
RichardGlatzer,7.0
WashWestmoreland,7.0
AneesBazmee,6.6
MasaakiYuasa,7.8
KasparJancis,6.4
ÜloPikkov,6.4
PriitTender,6.4
MichèleOhayon,7.0
BenAffleck,7.6
TonyAyres,7.2
EvanRichards,6.8
GabrielLeBomin,7.1
EstebanSapir,7.4
WilliamLewis,7.0
GabrieleMuccino,7.8
BlayneWeaver,5.2
MarkBussler,7.5
NicholasJarecki,6.4
ErginOrbey,8.4
MitsuoYanagimachi,6.9
JimmyNickerson,5.1
SterlingVanWagenen,6.65
SusanneBier,7.7
DavidFrankel,6.9
FrannyArmstrong,7.2
PatrykVega,7.0
K.Selvaraghavan,8.4
KarimTraïdia,5.8
MarcusLenz,6.5
TarsemSingh,7.9
NurbekEgen,7.2
ToshiakiToyoda,7.2
JianjunHe,6.5
ChrisKraus,7.4
ShinjiAoyama,6.5
RúnarRúnarsson,7.8
AriAlexanderErgisMagnússon,7.3
KerryAsmussen,6.1
KondaMason,6.1
DavidLanglitz,6.2
PaulCrowder,8.2
MurrayLerner,8.2
ParrisPatton,8.2
JonRiley,7.5
RobertFavreau,7.3
RaminBahrani,7.15
J.A.Bayona,7.4
SzabolcsHajdu,7.5
MichaelD.Sellers,5.7
ConstantineGiannaris,6.1
FrancoBattiato,4.6
JanVerheyen,5.8
PieterVanHees,5.8
ChrisPrynoski,7.8
NobuhiroYamashita,7.5
AnthonyLucas,7.8
GaryFleder,7.3
AlexGarland,7.7
HrvojeHribar,6.9
DwayneCarey-Hill,7.7
MelGibson,7.8
MohammadRasoulof,7.2
BjörneLarson,4.6
RogerSpottiswoode,7.6
NedFarr,6.3
DanielGordon,7.4
RandaHaines,7.7
AndrésBaiz,7.2
FlorenceAyisi,7.5
DanielBurman,6.9
DetlevBuck,7.1
KeithBeauchamp,7.6
ReinRaamat,7.7
Kwang-HyunPark,7.7
BrianJ.Terwilliger,8.2
GerardoOlivares,6.9
JanKidawa-Blonski,7.0
AndreaStaka,6.7
ApichatpongWeerasethakul,7.5
KabeerKaushik,7.8
JuanCarlosCremataMalberti,6.9
IraidaMalbertiCabrera,6.9
JoshGilbert,7.3
GaryTarn,7.5
PhilipGröning,7.4
DorotaKedzierzawska,7.3
SamDunn,8.1
ScotMcFadyen,8.1
JessicaJoyWise,8.1
ErwinWagenhofer,7.6
Jean-FrançoisDavy,5.7
OlivierNakache,6.8
ÉricToledano,6.8
PeytonReed,7.3
HelvecioRatton,7.1
MarkAndrews,7.7
AndrewJimenez,7.7
FélixViscarret,6.6
AlexGibney,7.6
AuraeusSolito,7.1
JohnWilliams,7.2
MichaelSteiner,6.9
EwaEwart,8.5
LeslieWoodhead,8.5
AndrewMorahan,9.0
NaokoOgigami,7.1
SimonRumley,5.9
StevenCantor,7.8
DavidPrior,7.6
TheoPapadoulakis,8.0
PhilippeLioret,7.4
SeijiMizushima,7.4
TommMoore,7.7
NoraTwomey,7.7
AlainRobbe-Grillet,5.8
MuratAslan,4.2
BillKopp,6.5
JoeMurray,6.5
JoannaKos-Krauze,7.4
KrzysztofKrauze,7.4
TakashiYamazaki,7.7
ChrisPaine,7.7
JeffMcQueen,7.3
Siu-HungChung,6.5
BobHercules,7.1
CheriPugh,7.1
MikeBinder,7.4
PieterVerhoeff,5.8
ToonWang,7.6
StevenAscher,7.5
JeanneJordan,7.5
MichaelCain,7.3
MattRadecki,7.3
PatrickCreadon,7.4
SionSono,6.95
EdgarNavarro,6.1
GregoryColbert,8.2
JakeClennell,7.9
ThomasMignone,5.5
RikiOkamura,7.9
JoostWynant,6.9
ZachNiles,7.8
BankerWhite,7.8
JanBalej,7.1
AurelKlimt,7.1
BretislavPojar,7.1
VlastaPospísilová,7.1
PeterOrton,8.5
StefanFaldbakken,5.8
KantiShah,7.3
RunWrake,7.5
DrorShaul,7.2
NetenChokling,7.0
ÖzerKiziltan,7.5
OrhanAksoy,8.2
OsmanF.Seden,7.0
RyûheiKitamura,6.3
BrianGriffin,8.9
MartynAtkins,8.9
PeterCare,8.9
TamraDavis,8.9
SteveGreen,8.9
ChrisOlsen,7.4
LindaMendoza,7.9
RichardSchenkman,7.9
JohnScheinfeld,7.6
Tae-gyunKim,7.3
OlivierSmolders,6.6
SeanPenn,8.1
AndrewWagner,7.0
YoshihiroNakamura,6.6
JamesD.Scurlock,7.2
NikolausGeyrhalter,7.6
PaulHunter,8.7
NicholasBrandt,8.7
ColinChilvers,8.7
JuhaWuolijoki,7.0
RussellBarnes,8.2
AntoinedeCaunes,5.8
Franc.Reyes,5.5
DeborahScranton,7.3
MarcusH.Rosenmüller,7.05
WillGeiger,7.3
MattBrown,7.2
OrenMoverman,7.1
DeeMcLachlan,6.8
JamesBarrat,6.8
SimonHynd,5.8
JeffreySchwarz,7.5
PekkaLehtosaari,5.6
PatriciaRiggen,7.3
J.J.Abrams,7.9
KasiLemmons,7.3
EricSteel,7.2
MatthiasLuthardt,6.5
PaulDavids,7.0
"""TommyOHaver""",7.3
KrivStenders,7.4
SeanCrotty,8.4
CraigGillespie,7.3
MandyStein,7.6
AbdallahOmeish,8.4
SufyanOmeish,8.4
RichardDale,7.6
TamarvandenDop,7.2
KentJones,7.5
VincentParonnaud,8.0
MarjaneSatrapi,8.0
MamoruHosoda,7.8
SimonArdizzone,7.9
RussellMichaels,7.9
AlphonzoWesson,7.0
AaronSpringer,8.5
HenrySinger,7.3
TomHooper,7.1
StefanRuzowitzky,7.6
JonCassar,7.5
NeillBlomkamp,7.4
AngeloLongoni,6.9
AmyBerg,7.9
ShawnAmos,8.15
AprillWinney,8.2
RobertGreenwald,7.6
LarryCharles,7.6
MichaelDrumm,8.0
BrianPercival,7.6
HenryCrum,3.9
MadhurBhandarkar,6.5
RaduMuntean,7.7
AnatoliyPetrov,7.6
ChrisLusvardi,4.1
KôzôNagayama,6.4
DesmondNakano,6.6
FranckMancuso,6.7
Florent-EmilioSiri,6.9
SergeyLoznitsa,7.6
OnurÜnlü,6.7
ChristianeCegavske,7.1
EurosLyn,7.6
SamuelBenchetrit,7.1
SophieFiennes,7.8
GregMottola,7.6
ShamimSarif,6.5
PierreRehov,6.3
KennethBi,7.0
MichaelArias,7.6
JenniferBaichwal,7.3
JimBrown,7.0
GaryBurns,7.0
OdedDavidoff,7.1
LevAnderson,7.6
ChrisMetzler,7.6
LucyWalker,7.3
PaulFierlinger,6.9
SandraFierlinger,6.9
PhilippStölzl,7.4
JeffGarlin,7.7
AriSandel,6.2
PaulMiller,7.6
GaryHustwit,7.2
SandraKogut,7.0
IlyaChaiken,6.6
HaoNing,7.4
SönkeWortmann,7.0
DavidAttwood,7.9
RehaErdem,7.3
MarinaSpada,6.1
EijiOkuda,7.0
NeilThompson,6.8
KenjiKamiyama,8.0
CaoHamburger,7.4
ChrisJ.Ford,6.9
MahiroMaeda,7.0
BenLewis,7.4
JonathanCaouette,7.2
AmosGitai,5.6
DaisukeTengan,7.0
TakehikoShinjo,7.5
QuangHaiNgo,6.8
TomSpain,7.6
ManabuAsô,6.7
RyuichiHiroki,6.7
MichelPoulette,6.3
KôichiMashimo,6.0
GaryLeva,7.3
HayatoDate,6.9
StevenFoster,6.9
SergeBozon,6.5
ScottGalloway,7.8
BrentPierson,7.8
JohnLeeHancock,7.6
RaymondDepardon,7.7
DavidDelrieux,7.0
NicolasBrown,7.4
KathrynBigelow,7.6
DominicPolcino,8.2
JamesPurdum,8.2
PeterAskin,7.5
AleksiSalmenperä,6.6
AyeletMenahemi,7.4
ChrisSanders,8.1
BillGuttentag,7.6
DanSturman,7.6
BertrandNormand,7.4
LaurentSalgues,7.0
EricNazarian,6.8
WilliamOlsson,6.2
SaulDibb,7.0
MatthewAeberhard,7.3
LeanderWard,7.3
ChrisRenaud,7.6
MikeThurmeier,7.6
BillPohlad,7.4
EricaDunton,6.5
RichieMehta,7.5
GarethCarrivick,7.1
RickiStern,7.8
AnneSundberg,7.8
RoryKennedy,7.8
CharlesFerguson,8.2
SeanFine,7.8
AndreaNix,7.8
CynthiaWade,7.7
JohnPatrickShanley,7.5
AkuLouhimies,6.5
Pierre-AntoineHiroz,5.6
SethGordon,8.1
FerdinandKhittl,7.1
MarkFlanagan,7.4
AndrewvanBaal,7.4
DavidSington,8.0
RémiBezançon,7.6
ErikVanLooy,7.3
AlgimantasPuipa,7.0
HiroshiHarada,6.9
PierreMorel,7.8
PrestonA.WhitmoreII,6.3
RobVanAlkemade,6.4
JonahMarkowitz,7.7
BårdBreien,7.1
DuncanJones,7.5
GaryRydstrom,7.9
DickMaas,5.7
ErikPoppe,7.6
"""QuananWang""",7.2
LeopoldGrün,7.2
NicBalthazar,7.4
JohnMaringouin,7.3
AsielNorton,7.1
DavidO.Russell,7.8
KenjiKodama,7.4
NickHolt,7.1
IvánÁvilaDueñas,6.7
DonArgott,7.0
SantiagoOtheguy,6.5
MichaelLandonJr.,6.3
ByronHurt,7.4
MajaClassen,7.2
K.RyanJones,7.0
AbdullahOguz,7.5
"""NozimTolahojayev""",7.6
MakotoShinkai,7.6
RandallCole,6.7
Ahathian,7.4
SteveMcQueen,7.6
AmoleGupte,8.4
IlmarRaag,7.9
FélixEnríquezAlcalá,7.6
AbbyEpstein,7.4
JeffZimbalist,7.2
MichaelZimbalist,7.2
ChristopheHonoré,7.1
CaroleLanger,7.3
RichardBerge,7.7
BonniCohen,7.7
NicoleNewnham,7.7
