MichaelRelph,7.333333333333333
,7.390326797385607
MalenoMalenotti,6.9
ClaudeChabrol,7.3
GeorgesdeBeauregard,7.472727272727273
ShizuoYamanouchi,7.8999999999999995
AmatoPennasilico,7.9
PerePortabella,7.35
JackGreenwood,6.9
MichaelGarrison,7.1
GiuseppeAmato,8.0
BernardSmith,7.8
RobertArthur,7.0
IrvingH.Levin,7.0
TetsuoUeno,6.9
BorisKaplan,7.0
MichaelBalcon,6.8
ArmandoOriveAlba,8.3
WilliamGoetz,6.3
EmanueleCassuto,8.1
DickLinkroum,7.5
GoffredoLombardo,7.699999999999999
RaymondHakim,7.8
RobertHakim,7.8
StanleyColbert,6.8
EdwardLewis,7.725
BillAnderson,7.2
ArturBrauner,7.233333333333333
PierreBraunberger,7.1000000000000005
SergeSilberman,7.914285714285713
ColinLesslie,7.5
GuidoGiambartolomei,7.3
TomoyukiTanaka,7.8
AlfredoBini,7.3500000000000005
CinoDelDuca,7.8
PierreCourau,7.8
AnatoleDauman,7.6625
RaymondFroment,7.8
MerrillS.Brody,7.6
MartinJurow,7.45
RichardShepherd,7.7
JacquesBar,7.1
CarloPonti,7.5470588235294125
SennosukeTsukimori,7.3
PrebenPhilipsen,7.4
MaunoMäkelä,7.366666666666667
SamuelBronston,7.0
SanezumiFujimoto,7.8500000000000005
MasakatsuKaneko,7.85
TadahiroTeramoto,7.9
GeorgeH.Brown,6.8
ShigeruWakatsuki,8.4
AlfredoMatas,7.7
RonaldH.Gilbert,8.0
PhilipRose,8.0
DavidSusskind,8.0
JerryWald,5.9
LouisDeRochemont,6.5
GustavoAlatriste,8.1
DinoDeLaurentiis,7.185714285714286
BholaNathRoy,8.0
StuartMillar,7.233333333333333
GersonTavares,7.0
JeceValadão,7.0
SyBartlett,7.7
EdwardLandberg,7.6
LeslieParkyn,6.2
JulianWintle,6.25
MartinManulis,6.966666666666668
RomainPinès,7.8
FrancoCristaldi,7.883333333333334
GianniBuffardi,7.300000000000001
KennethHyman,7.633333333333334
EisakuMatsuura,8.2
TatsuoHosoya,8.7
JosephJanni,7.4
MaxRosenberg,6.7
SamSpiegel,7.75
FredCoe,8.1
StanislawZylewicz,7.5
PauldeRoubaix,7.85
MarcelIchac,8.1
OswaldoMassaini,8.3
RichardE.Lyons,7.5
MarioCecchiGori,7.072222222222224
AlanJ.Pakula,8.3
AngeloRizzoli,7.5
AlbertR.Broccoli,5.4
PeterRogers,6.566666666666666
RudolfHájek,7.35
ShôzôAshida,6.8
LarsSchmidt,7.1
NormanRutherford,7.1
EdwardL.Alperson,7.4
CharlesH.Schneer,6.5
VionPapamihalis,8.1
RichardAttenborough,7.3
JamesWoolf,7.3
R.D.Bansal,8.120000000000001
GiorgosZervos,6.8
AllanEkelund,8.1
JirôTomoda,7.566666666666667
KazuÔtsuka,7.233333333333333
AlexanderSalkind,7.8
MichaelSalkind,7.8
GastoneFerranti,6.8
NormanPriggen,7.9
GiovanniAddessi,6.550000000000001
RossHunter,6.95
MartinMelcher,7.0
JoePasternak,5.9
IrénéeLeriche,7.9
RobertSussfeld,7.9
WalterMirisch,6.9
HalB.Wallis,7.18
IkuroKubokawa,7.2
RobertDorfmann,7.666666666666667
FrancoBelotti,6.9
ToninoCervi,7.7
MaxE.Youngstein,8.0
AaronRosenberg,6.800000000000001
JørgenNielsen,7.4
OscarLewenstein,7.199999999999999
WalterShenson,7.15
AlexandreMnouchkine,7.366666666666666
GeorgesDancigers,7.366666666666666
MichelSafra,7.5
DiegoAlchimede,5.2
LawrenceP.Bachmann,7.1
JackL.Warner,7.699999999999999
HisaoItoya,8.0
TamotsuMinato,8.0
SetsuoNoto,7.85
MagBodard,7.574999999999999
AntóniodaCunhaTelles,7.5
MenahemGolan,6.859999999999999
MassimoPatrizi,7.2
AlfredoMirabile,7.2
BoChristensen,7.349999999999999
HenrikSandberg,6.8
GilLasky,6.9
PaulMonka,6.9
SamuelBischoff,6.6
DavidDiamond,6.6
KiichiIchikawa,8.25
TadashiÔno,8.066666666666666
LeeSavin,8.4
ArthurP.Jacobs,7.375
AntonioMusu,8.1
SamuelZ.Arkoff,6.133333333333333
JamesH.Nicholson,6.1
MartinRansohoff,7.2250000000000005
LesGoldman,7.5
LucianoErcoli,6.133333333333333
PaulCadéac,6.199999999999999
MichelArdan,7.1
GérardBeytout,6.933333333333334
MasayukiTakagi,7.2
FritzRuzicka,5.2
HenrykChroscicki,6.25
AlfonsoSansone,6.9
GeorgeCostello,6.4
WimVanLeer,8.0
CatherineWinter,8.0
MilosBroz,8.3
JaromírLukás,8.3
PyotrFeller,8.7
PandroS.Berman,8.0
RogerH.Lewis,7.7
PhilipLangner,7.7
EnzoDoria,6.966666666666666
GeneGutowski,7.7
AkioKomazaki,7.2
HirokichiIto,7.2
SuketaruTaguchi,7.8
ElioScardamaglia,6.2
AlbertoGrimaldi,7.022222222222222
ElíasQuerejeta,7.671428571428572
MasayukiSatô,7.659999999999999
KonparuNanri,8.0
AndréLabay,8.0
CharlesLumbroso,8.0
RobertBagley,7.8
LewisM.Allen,7.2
HenryDeutschmeister,7.9
FredKohlmar,7.6
KazuyaYamamoto,7.3
L.Freydin,8.4
L.S.Chang,7.4
MargaritaAlexandre,7.7
SharankumariBansal,8.3
AndréZwoboda,7.4
ZdenekOves,7.7
RobertDelpire,7.0
AlbertoPugliese,6.366666666666667
BorisIngster,5.8
MilosStejskal,8.0
GöranLindgren,7.9
NobuyoHoriba,7.85
NormanFelton,6.0
TetsurôNakagawa,7.2
WilliamFrye,7.4
IchirôSatô,6.6
HideyukiShiino,7.3
HannsEckelkamp,5.2
JerryGershwin,6.833333333333333
ElliottKastner,6.639999999999999
EveMeyer,4.9
GordonCarroll,7.933333333333333
WilliamConrad,6.1
JohnCourt,8.0
AldoAddobbati,5.9
ItaloMartinenghi,5.9
JohnKohn,5.8
RobertS.Baker,6.0
LawrenceTurman,7.6000000000000005
ItaloZingarelli,6.85
GianniHechtLucari,6.7
JeanLeDuc,7.5
AlainPoiré,7.3
BernardMaurice,7.9
JuddBernard,7.4
JohnHeyman,7.0
MartinRackin,6.4
RaymondBorderie,8.1
EugèneLépicier,8.1
PietroNotarianni,7.3
WilliamShelton,8.0
IgorLopatonok,7.966666666666666
MelFerrer,7.199999999999999
NormanMaurer,7.0
KennethHarper,5.5
FrancisCosne,5.5
RogerScipion,7.7
JaakkoTalaskivi,6.3
"""PhilipDAntoni""",7.550000000000001
RichardBerg,6.3
GilbertdeGoldschmidt,7.6
MauriceMcEndree,7.7
AndyWarhol,5.85
RaymondStross,6.6
LouisDuchesne,6.7
RenéThévenet,6.7
MarcMerson,7.6
MichelineRozan,7.1
LawrenceWeingarten,5.7
MasanoriYamanoi,7.8
TakujiYamaguchi,7.466666666666666
MasayukiNakajima,7.55
AkiraInomata,6.2
MartinPoll,6.45
HarryFine,6.9
RobertdeNesle,7.2
MiguelMendoza,7.7
RussellStreiner,7.9
HowardW.Koch,7.550000000000001
JohnWoolf,7.6
SidneyGlazier,7.6
AnthonyHavelock-Allan,7.5
JohnBrabourne,7.449999999999999
WilliamCastle,8.0
ShinjiSoshizaki,7.0
Lars-OweCarlberg,7.966666666666666
EdgarLansbury,7.0
MarioBorghi,6.0
MichaelMedwin,7.05
JacquesDorfmann,8.2
MitsuruKudo,8.0
KeikoMachida,8.0
GiorgioAgliani,6.6
AndréGénovès,7.15
JohnForeman,7.040000000000001
FulvioMorsella,7.766666666666666
M.J.Frankovich,7.1
StanleyChase,7.1
HermanCohen,6.0
LeopoldoTorreNilsson,7.6
CyrilGrize,6.8
FeliceTestaGay,7.4
YoshioNishikawa,7.1
HideoFukuda,7.7
LiangFangHsia-Wu,7.6
DavidC.Stone,6.7
MichaelDeeley,7.833333333333333
EdwardMontagne,6.3
PierreCottrell,7.8
BarbetSchroeder,7.566666666666666
TullyFriedman,7.3
JerroldWexler,7.3
JeromeHellman,7.8
LouAdler,8.1
JohnPhillips,8.1
WilliamSackheim,7.6
TsutomuKamimura,7.0
PavelJurácek,6.9
JaroslavKucera,7.2
BronkaRicquier,6.9
GianVittorioBaldi,7.1
RonaldShedlo,7.0
ManuelCaño,6.4
CharlesH.Joffe,7.725
IrwinWinkler,7.414285714285713
RobertChartoff,7.028571428571428
SalvatoreArgento,7.4
JanSvikruha,7.3
JanTomaskovic,7.3
PhilFeldman,7.9
PeerRaben,6.7
AlbertFennell,6.85
AsimDutta,8.149999999999999
NepalDutta,8.149999999999999
BertrandJaval,7.65
FrancoPalaggi,6.2
JamesEllsworth,7.0
MarcelBerbert,7.75
BobMarkell,7.5
DaleHutchinson,8.0
RickSchmidlin,8.0
HerbertF.Solow,8.0
RichardWechsler,6.95
ArthurCohn,7.75
MichaelFengler,7.2
SeiOkamura,7.2
BenArbeid,6.9
MarinaCicogna,8.1
DanieleSenatore,7.75
MarcoVicario,6.1
BinoCicogna,6.1
SidneyBeckerman,7.233333333333333
GabrielKatzka,7.3999999999999995
NeilAspinall,7.8
ArthurLewis,5.5
LuigiMondello,6.1
MiltonSubotsky,6.45
PaulNathan,7.1
ArnoCarlstedt,7.0
OlleNordemar,6.95
RobertLynn,7.3
HaroldLoeb,6.9
JohnFlaxman,7.2
LucianoMartino,6.442857142857143
AntonioCrescenzi,7.0
GiovanniBertolucci,7.050000000000001
FredEngel,5.6
TaguchiYamaguchi,7.1
KarelVejrík,7.8
LucianoPerugia,7.6
AlanLaddJr.,7.433333333333334
BobMaurice,8.2
EverettFreeman,6.0
KinshirôKuzui,7.2
PatriciaCasey,7.6
LesBlair,7.5
AlaindeSedouy,8.2
RobertH.Solo,7.6
GeorgeEckstein,7.6
CharlesMulvehill,7.566666666666667
EdmondoAmati,7.35
LéoL.Fuchs,7.2
RobertAbel,7.4
HarryMarks,7.4
BruceCampbell,7.9
StevenPallos,5.3
MichaelBirkett,7.1
SamLomberg,7.1
StephenJ.Friedman,7.033333333333334
CarterDeHaven,6.95
AndrewBraunsberg,7.550000000000001
MitchellBrower,7.550000000000001
DavidFoster,7.4750000000000005
DavidPuttnam,7.45
ArmandoNovelli,6.949999999999999
MarcBeaudet,7.6
MikeGray,7.4
HillardElkins,7.8
JosephManduke,7.4
DanCurtis,7.7
GeorgiyFedyanin,7.7
GeorgeWilloughby,7.7
MilanCvetkovic-Ciga,6.8
FetiDautovic,6.8
NenadRomano,6.8
SusanMartin,7.8
KiyoshiIwashita,7.15
TadasukeÔmura,7.2
VincentMalle,7.6
ClaudeNedjar,7.7
BenitoBertaccini,5.3
DanielMelnick,7.5
RaymondChow,7.0875
NormanSpencer,7.2
RaymondDanon,6.85
SiLitvinoff,7.6
PaulLewis,4.3
StanMargulies,7.8
DavidL.Wolper,7.85
HansPrescher,8.0
PaulJungerWitt,7.85
CyFeuer,7.8
WilliamBelasco,6.2
AngélicaOrtiz,7.7
DavidMerrick,6.0
SylvinaBoissonnas,6.733333333333333
LeoPescarolo,6.45
FulvioLucisano,7.0
MichelledeBroca,7.4
TonyTenser,5.4
RayStark,7.083333333333332
StevenBernhardt,5.5
PaulGaer,5.5
AlRuddy,8.866666666666667
RobertDaley,7.4
ShintarôKatsu,7.9
HisaharuMatsubara,7.9
UgoSantalucia,7.6
MarvinWorth,7.6000000000000005
MickBenderoth,7.5
NancyRealsPerl,7.5
LeeRich,7.1
GeoffreyEvans,7.4
RonMiller,6.55
DominickDunne,6.5
DieterGeissler,7.25
PeterGeissler,7.1
RobertoInfascelli,7.1
IrwinAllen,6.166666666666667
VéraBelmont,7.2
EugenioFlorimonte,6.1
BarryJ.Kulick,6.5
MortonGottlieb,8.0
SigShore,6.5
GerhardFreund,6.9
JoachimvonMengershausen,7.5
GiulianiG.DeNegri,7.45
RobertA.Papazian,6.8
RonRoth,7.0
PeterKatz,7.199999999999999
PaulM.Heller,6.960000000000001
FredWeintraub,6.85
RomanoCardarelli,7.566666666666666
MauroBerardi,6.7749999999999995
RiccardoCerro,5.7
ZevBraun,7.05
RoyBaird,7.15
BernardLegargeant,6.9
RobertStigwood,6.9
MarvinSchwartz,6.2
GeraldAyres,7.5
JerryBick,7.6
HarveyBernhard,7.333333333333333
EdwardK.Dodds,5.8
PeterMärthesheimer,7.466666666666666
JonathanT.Taplin,7.3
NickNascht,7.5
"""DenisODell""",7.0
MaurizioLodi-Fè,7.6
ClaudioMancini,6.8
HowardB.Jaffe,6.0
ElyA.Landau,6.725
LouMorheim,6.5
MartinBregman,7.3
RobertWeitman,6.1
JackGrossberg,7.2
TonyBill,8.3
JuliaPhillips,8.066666666666668
MichaelPhillips,8.3
NormanLear,6.2
HeinzAngermeyer,6.6
RobHouwer,7.433333333333334
LarryShaw,7.7
PeterSnell,7.5
JamesCresson,6.0
RobertFryer,6.0
OsamuTezuka,7.4
PatRooney,5.5
MichaelHertzberg,7.7
MartinBaum,7.5
RobertEvans,7.85
GregSmith,4.933333333333333
BobbyRoberts,7.0
HalLanders,7.0
YumiGovaasu,7.65
EikoKujo,7.95
YoichiMatsue,8.3
IrwinYablans,7.0
J.A.PérezGiner,5.6
BerndEichinger,7.2
PeterGenée,7.0
AndrewOsborn,7.7
BertSchneider,8.05
MasaoKatô,7.1
MarshallBacklar,6.6
GeraldI.Isenberg,7.0
MasanoriSanada,7.4
MarkForstater,8.2
MichaelWhite,7.775
RichardRoth,6.3
EdwardR.Pressman,7.185714285714286
PioAngeletti,7.466666666666666
AdrianoDeMicheli,7.466666666666666
RichardPilbrow,6.5
HowardBrandy,5.5
EdgarJ.Scherick,7.7
PaulClaudon,7.3
SamShaw,7.6499999999999995
MichaelGruskoff,7.266666666666667
ErikWaisberg,8.1
CarloNebiolo,8.1
KenLegargeant,6.8
GérardWolf,6.8
N.C.Sippy,8.4
DanielToscanduPlantier,7.35
GulshanRai,8.1
GeorgesDargaud,7.7
AlbinaduBoisrouvray,7.3
F.R.Crawley,7.8
DavidBrown,7.675
RichardD.Zanuck,7.5
Jacques-EricStrauss,6.1
EvelynePaul,7.8
GuyCavagnac,7.8
AlainDahan,7.566666666666667
LilianedeKermadec,7.8
CorinneJénart,7.8
MelvilleTucker,6.9
JohnFraser,6.6
Jean-PierreRassam,6.5
MichaelDouglas,8.7
HalMcElroy,7.5
JimMcElroy,7.5
ArtLinson,7.7
Jean-LucOrmières,6.7
RunmeShaw,6.949999999999999
KenjiTakamura,6.3
KineoYoshimine,6.3
NorimichiMatsudaira,7.1
StanleySchneider,7.5
WilliBenninger,7.4
EberhardJunkersdorf,7.4
PierreCaro,7.7
GeorgeBarrie,4.7
PaulinVieyra,6.7
WalterCoblenz,8.0
ErmannoCurti,6.1
RodolfoPuttignani,6.1
J.SteinKaplan,7.4
StanleyR.Jaffe,7.55
RobertF.Blumofe,7.3
HaroldLeventhal,7.3
PaulMonash,7.4
"""MarcelloDAmico""",6.7
StéphaneTchalgadjieff,7.25
YvesGasser,7.65
YvesPeyrot,7.65
AlRuban,7.7
EdmundGrainger,5.1
JackH.Skirball,5.1
FabrizioDeAngelis,7.0
HowardGottfried,7.9
AnthonyRay,6.9
DavidRose,8.0
ArrigoColombo,7.8
MinoLoy,6.25
HowardMalin,6.1
JosefShaftel,5.1
BarryJ.Weitz,4.4
WilliamSelf,7.7
ArkadiPessegov,7.7
UgoTucci,6.5
DavidPerlmutter,6.2
JayWeston,6.1
MargaretBottomley,8.2
MargaretMatheson,8.0
GianfrancoCouyoumdjian,6.1
RobertB.Radnitz,7.1
JosephE.Levine,7.1
RichardP.Levine,7.1
KarelHutecka,7.6
GianfrancoPiccioli,6.766666666666667
SergeLaski,6.8
SteenHerdel,6.85
JoséManuelM.Herrero,7.4
JoAnnaKneeland,7.5
RonRakow,8.0
EddieWashington,8.0
JohnMarshall,6.15
YorihikoYamada,7.4
MichaelHausman,6.9
TerenceF.Deane,6.5
AlbertoCelery,7.2
NelsonFuentes,7.2
MilanZmukic,8.95
WimWenders,6.5
FranciscodelVillar,7.550000000000001
JeanBolvary,7.2
JacquesGelman,6.4
GiovanniDiClemente,6.4
KlausHellwig,7.7
JeromeGary,7.4
LewisHarris,7.0
RobertJ.Wunsch,7.3
GallianoJuso,6.3
GaryKurtz,8.166666666666666
RickMcCallum,8.0
ClaudioArgento,7.4
TedChilds,6.8
PaulFreeman,4.7
FanHsia,7.0
BertLovitt,7.4
DonGuest,7.8
FredBauer,7.2
EnzoGiulioli,7.5
RichardP.Rubinstein,7.5
HaroldSchneider,7.5
JohnPeverall,8.1
LawrenceGordon,7.2625
RobertLantos,6.833333333333333
ClaudeHéroux,5.666666666666667
AlanMarshall,7.625
MattySimmons,7.45
IvanReitman,7.5
VittorioGaliano,7.3
ChristopherDalton,6.1
AlainDelon,6.1
MarcelHoehn,7.2
WalterSchoch,7.2
MichaelBraun,7.4
PieroDonati,6.2
MonaFong,7.32
RunRunShaw,7.2
PatrickJ.Palmer,7.4
WalterHill,8.4
DavidGiler,7.6
WielislawaPiotrowska,7.9
KimAubry,8.4
YvesRousset-Rouard,7.533333333333334
VolkerCanaris,7.449999999999999
Wolf-DietrichBrücker,7.8
JoedePalmer,6.0
KazuoInoue,7.8
LesterPersky,7.6
MichaelButler,7.6
GriffinDunne,7.4
MarkMetcalf,7.1
AmyRobinson,7.5
MortEngelberg,6.7
WilliamE.McEuen,7.2
DavidV.Picker,6.2
JamesL.Conway,6.3
JohnGoldstone,7.566666666666666
RobertCrawfordJr.,7.5
PanchoKohner,5.8
CorneliuLeu,8.4
WaltdeFaria,6.3
SueMilliken,6.9
GeorgeLitto,7.4
GerdStein,7.3
BillCurbishley,7.3
WilliamSargentJr.,8.2
SteveBlauner,8.2
DelJack,8.2
HaruyoKanesaku,7.7
L.A.Johnson,8.2
DavinaBelling,6.9750000000000005
CliveParsons,6.9750000000000005
Yat-YuenLiu,7.0
LaurentBouzereau,7.6
FreemanA.Davies,7.6
DenisHéroux,6.9
DeviDutt,7.9
NarayanKenny,7.9
IngridBergman,7.4
RichardBrick,7.4
HorstWendlandt,7.633333333333333
GavrikLosey,7.3
DougChapin,7.1
VittorioCecchiGori,6.9125
RobertK.Weiss,7.75
JoelB.Michaels,7.033333333333334
GarthH.Drabinsky,7.45
BernardSchwartz,7.5
WalterHöllerer,7.1
JimBousman,7.8
DickBaka,7.8
ElliotSchick,7.0
JohnStrong,7.0
JonathanSanger,7.75
MargaretMénégoz,7.542857142857144
DavidAxlerod,5.7
AlanGreisman,6.933333333333334
MichaelShamberg,7.066666666666666
IsmailMerchant,6.9
MohammadSanousi,8.4
NormanRosemont,7.4
BarryHanson,7.6
NikosAngelopoulos,7.5
PhilippeDussart,7.35
RonaldL.Schwary,7.7
ThomasMauch,6.8
EricFranck,6.8
BernardSofronski,7.5
JohnE.Quill,7.5
LeonardHo,7.333333333333332
StephenDeutsch,7.2
ChiakiImada,7.0
AchilleManzotti,6.633333333333333
LeonardGoldberg,5.6
JerryWeintraub,5.6
GeorgeFolseyJr.,8.1
AlainSarde,7.063157894736841
EmilianoPiedra,7.3
FredT.Gallo,7.4
OrtwinFreyermuth,8.3
GünterRohrbach,7.9
EdieLandau,7.1
HansWeth,7.6
BarbaraMoorse,6.6
MartinMoszkowicz,6.55
MarthaScott,6.4
GeneLasko,7.1
PatriciaLovell,7.4
NigelHutchinson,6.8
JohnKemeny,7.3
JosephB.Wallenstein,6.5
PerHolst,7.2
ByronKennedy,7.6
ManfredDurniok,7.8
DonaldRedinger,4.8
BoJonsson,6.7
DjordjeZecevic,6.7
GeorgeW.George,7.8
BeverlyKarp,7.8
BruceGilbert,7.6
RogerM.Rothstein,6.4
FrancoCommitteri,7.166666666666667
HankMoonjean,6.199999999999999
Jean-PierreMahot,7.0
BurttHarris,7.5
AlainBelmondo,7.6
FrankMarshall,7.800000000000001
RogerCorman,3.55
KarelDirka,7.05
JerryBruckheimer,7.528571428571429
RonnieCaan,7.4
FernField,7.1
Chan-sinWong,6.4
PerÅrman,5.3
KathleenKennedy,7.833333333333333
AnneKimmel,6.8
RobTapert,7.6000000000000005
ChrisGriffin,7.0
JörnDonner,8.1
IrvingAzoff,7.2
BuzzFeitshans,7.7
WilliSegler,7.75
LuckiStipetic,7.528571428571429
MarcoValsania,7.199999999999999
MonicaTeuber,6.2
ErnstRittervonTheumer,6.2
EleanorCharles,6.3
CherylHill,6.3
MildredLewis,7.7
MarkShivas,7.5
GorôKusakabe,7.9
JacekSzeligowski,7.9
ThomasSchühly,7.8
JohnCoates,7.833333333333333
KeithBarish,7.6
RobertSallin,7.7
RichardBrennan,6.8
DavidElfick,7.0
MengXia,7.6
JoséLuísVasconcelos,7.2
MayaFeuiette,7.2
JeanLefaux,7.2
AndrewW.Garroni,6.6
RickHeinrichs,8.3
GregTepper,6.9
EdiHubschmid,8.2
KerimPuldi,8.2
LuigiBorghese,5.4
ManuelLaghi,5.4
GiorgioSilvagni,7.8
MohammedLakhdar-Hamina,7.8
YasuteruIwase,7.3
TakanoriYoshimoto,8.0
RenéDupont,8.0
ArielZeitoun,7.2
EduardGalbavý,7.6
RichardTienken,8.2
RobertD.Wachs,7.949999999999999
LuisCalvo,6.6
HuntLowry,7.2
"""PeterOBrian""",7.4
Chung-LingWu,7.6
NfdcIndia,8.4
ArnonMilchan,7.614285714285714
KláraStoklasová,7.6
JeremyThomas,7.32
TsuneyukiMorishima,7.7
KoretsuguKurahara,7.7
JohnSexton,7.3
GeorgeZervoulakos,8.2
HowardG.Kazanjian,8.3
AndyFriendly,7.3
BobParkinson,7.3
JeffScheftel,7.3
PierreGrunstein,7.4
AaronRusso,7.5
SrdjanIlic,6.0
PaulLichtman,6.0
BrianCosgrove,7.7
RobertGreenhut,7.511111111111112
ChristineBeyout,7.3
SaulZaentz,7.666666666666667
NorikoNomura,7.3
RyszardChutkowski,7.6499999999999995
LitaStantic,7.0
AlfredR.Kelman,7.8
WilliamF.Storke,7.8
Wu-FuWu,7.7
KimJorgensen,6.3
RockDemers,7.5
NicoleRobert,7.5
RobertWatts,7.833333333333333
IsaoTakahata,8.05
DavidNivenJr.,6.1
FrankYablans,6.1
DavidPlowright,7.6
AnssiMänttäri,6.6
KhutaGogiladze,7.5
M.Simksayev,7.5
YoramGlobus,6.7250000000000005
MarkJohnson,7.6571428571428575
RobertShaye,7.5
LorneMichaels,6.2
ArleneDonovan,7.35
JuliánMateos,8.1
GaryGoetzman,8.6
SaraDriver,7.5
KarenMurphy,7.566666666666666
RichardSchmiechen,8.3
JonDavison,7.2
RobertF.Colesberry,7.633333333333333
AntoineGannagé,6.3
NeilCanton,7.8500000000000005
MichaelJ.F.Scott,7.1
Klaus-DieterLehmann,7.1
NedTanen,7.9
DavidManson,7.6
JeffreyKirsch,7.8
DumitruMatala,7.8
DebraHill,7.4
QuincyJones,7.85
CarlosVasallo,5.1
KenithTrodd,6.9
DianaFrey,8.2
SusySuranyi,8.2
WaldemarBergendahl,6.949999999999999
MarceloPiñeyro,7.7
DougMcHenry,6.5
MartyKatz,7.0
FrankSimeone,7.7
MartinStarger,7.2
TomLuddy,7.5
MataichirôYamamoto,7.75
DenyseNoever,6.6
HelmutRasp,6.6
ElviraSenft,6.6
SeigoHosogoe,7.066666666666666
AnthonyChow,5.55
MasatoHara,7.949999999999999
BrianYuzna,7.2
TomFox,7.3
OuryMilshtein,7.7
ShaunSutton,7.7
HsinChihHsu,7.7
SterlingVanWagenen,7.5
EdwardS.Feldman,7.75
GaleAnneHurd,8.0
SylvainBursztejn,6.900000000000001
AhmedBahaAttia,6.7
HaroldFielding,7.5
LarryFranco,7.6499999999999995
FredC.Caruso,7.8
SimonTse,4.6
AlanKleinberg,7.8
MarinKarmitz,7.55
TomJacobson,7.699999999999999
StuartCornfeld,7.4
PaulaMazur,7.6
LaurentPétin,6.825
Teng-FeiLin,7.8
Yen-PingChu,7.1
EricRattray,7.4
LindaKuk,6.949999999999999
JohnSham,6.9
WilliamReeves,7.3
FernandoGhia,7.4
StephenJ.Roth,5.949999999999999
BarrySteinberg,6.95
ArnoldKopelson,7.733333333333333
RobertL.Levy,7.1
GeraldGreen,7.4
Do-hwanJeong,7.0
EricFellner,7.525
AndrewScheinman,7.859999999999999
KeithGriffiths,7.3999999999999995
YasushiTamaoki,7.9
JulesBacal,7.3
TomGriffin,7.3
MikaKaurismäki,7.5
HarkTsui,7.6000000000000005
TamaraAsseyev,7.9
JustBetzer,7.8
FredRoos,7.3
MichaelC.Gross,5.8
JoeMedjuck,5.8
TôruMiura,6.5
MakotoAsanuma,6.5
MattGreenfield,6.5
NagateruKato,6.5
StephanieBennett,7.8
SimonRelph,6.75
LindaGottlieb,7.0
KeesKasander,7.15
DenisWigman,7.2
SachikoKobayashi,8.2
GowerFrost,6.6
LarryBrezner,7.3
RobertBergman,4.7
MichaelBockner,4.7
ToshioNabeshima,7.38
"""JunichiShindô""",8.1
ErwinProvoost,7.3
JosvanderLinden,6.8
Tian-MingWu,7.4
SammoKam-BoHung,6.7
MarilynJacobsTenser,4.7
BernardLang,7.1
AliRezaZarrin,7.6
TakayukiMatsutani,7.2
JoelSilver,7.959999999999999
DicksonPoon,7.7
IrisMerlis,7.949999999999999
PeggyRajski,7.9
MaggieRenzi,7.4
BoneyKapoor,7.199999999999999
MukthaV.Srinivasan,8.7
RaviKishore,8.7
MukthaV.Ramasami,8.7
Wen-jenLu,7.1
GianniMinervini,6.925
JohnM.Jacobsen,7.050000000000001
JohnDavis,7.55
J.LarryCarroll,3.4
MarkLevinson,5.7
ScottM.Rosenfelt,6.366666666666667
ArneSchmidt,7.5
SteveLanning,7.2
RobertCavallo,8.1
StevenFargnoli,8.1
JosephRuffalo,8.1
ClaudieChungJan,6.95
Marie-LouiseBartholomew,7.0
MikeKaplan,7.3
CarolynPfeiffer,7.166666666666667
TerryHayes,7.4
GeorgeMiller,7.4
DougMitchell,7.4
FrazerPennebaker,7.7
ShunzoKato,8.1
RyôheiSuzuki,8.1
RichardHashimoto,7.5
MichaelBender,7.5
JohnLloyd,8.0
PauloBranco,7.019999999999999
NormaHeyman,7.6
MarcBoyman,7.3
BernardWilliams,7.4
RobertSchaffel,5.7
PaulWebster,7.08
SarahPillsbury,7.2
MidgeSanford,7.2
PeterS.Davis,5.0
WilliamN.Panzer,5.0
PatriceLedoux,7.65
SimonChanningWilliams,7.6499999999999995
VictorGlynn,7.4
ToruHara,8.35
RonnyYu,7.2
HansKaden,6.5
AndrzejSoltysik,7.4
JózsefMarx,7.8
JohnPomeroy,7.4
GaryGoldman,7.4
BarbaraDeFina,7.6428571428571415
MasatoshiTahara,7.6
HenriRollin,7.1
Jean-ClaudeDelayre,7.1
RichardGoodwin,7.3
LiliaSmecchia,7.0
EttoreRosboch,7.0
FrederickZollo,7.8
ViorelCozma,8.9
Peter-ChristianFueter,7.5
MartyHornstein,6.4
GiovannaRomagnoli,8.5
NoshkaVanderLely,7.8
MarkoRöhr,6.58
MichaelManheim,6.45
MelLawrence,7.3
LawrenceTaub,7.3
LisbetGabrielsson,7.9
EvgenyAfineevsky,5.8
NelsonLyon,6.1
DavidWeisman,6.1
AnneLordon,7.8
DantonRissner,7.4
GregKlymkiw,6.933333333333334
StephenSnyder,6.6
MarkLipson,8.0
GaryT.McDonald,8.0
NedLott,7.699999999999999
TommasoJandelli,6.0
VanLing,7.6
GérardVaugeois,6.9
JonPeters,7.5
PeterGuber,7.5
Fu-ShengChiu,8.1
KatinkaFaragó,6.9
KlasOlofsson,6.9
AntonyRufus-Isaacs,6.4
JeffYoung,6.4
BillCouturié,8.0
StephenUjlaki,5.7
StevenHaft,8.1
TonyThomas,8.1
LiliFiniZanuck,6.800000000000001
NickWechsler,7.4
CharlesGordon,7.65
BetsyBroylesBreier,8.2
FreddieFields,7.8
DeniseDiNovi,7.6000000000000005
BruceSharman,7.5
HisashiIino,7.6
ErnestoDiSarro,7.1
JaneSchonberger,7.9
JohnDaly,7.0
DerekGibson,7.0
PhilippeCarcassonne,7.4
RenéCleitman,7.6
GiorgioLeopardi,7.0
NoelPearson,7.65
JimStark,7.6
BenniKorzen,5.7
MauriceBernart,6.8
JamesMargellos,6.1
OliviaTappan,7.3
JoãoPedroBénard,7.6
JoaquimPinto,7.133333333333333
YoshisukeMae,7.2
HiroshiMorie,7.2
JoséBogalheiro,7.4
PollyPlatt,7.3
HowardM.Brickner,7.2
VeitHeiduschka,7.371428571428571
ShôzôIchiyama,7.200000000000001
TakioYoshida,7.5
JosephFeury,6.3
BruceRicker,7.7
AlenaDetáková,7.9
AlainRocca,7.0
PatrickSandrin,7.3
KenjiKurata,6.7
CarlMacek,7.0
MakotoSeya,6.7
HugoE.Lauría,7.1
NitinManmohan,8.2
G.Venkateswaran,8.2
LawrenceLasker,7.8
WalterF.Parkes,7.62
DorotheaG.Petrie,7.3
SaraMullock,7.7
MichaelNozik,7.233333333333333
AdolpheViezzi,6.9
JimWilson,8.0
ColinVaines,7.0
UbertoPasolini,7.0
BrendaReid,7.0
AlainAdam,4.8
DaluJones,4.8
King-FaiSiu,5.3
JamesMackay,6.8
PhilipJ.Jones,4.2
HaroonYashayayi,8.1
TonyAnthony,5.1
PaulMaslansky,5.1
MaceNeufeld,7.6
WenzeZhang,7.7
HuJian,7.7
YasuyoshiTokuma,7.5
ReginaZiegler,7.4
JanuszMorgenstern,7.366666666666667
LanChanChoi,5.7
Chun-TungChow,5.7
StanWlodkowski,7.5
TarachandBarjatya,7.3
ThierrydeGanay,7.3
JoseLuisGarcía,7.4
OvidioG.Assonitis,5.1
HassanAghaKarimi,8.3
GiannandreaPecorelli,7.7
BernadettePayeur,7.05
StevenReuther,7.1
RupertHarvey,7.2
SandyStern,7.45
AlfiSinniger,7.5
EmanuelAzenberg,7.5
MichaelBrandman,7.5
RogerLundgren,2.7
HeikkiTakkinen,6.3
SteveGolin,7.720000000000001
MontyMontgomery,7.2
SigurjonSighvatsson,7.25
MikeY.Inoue,7.8
HisaoKurosawa,7.6000000000000005
EnriquePosner,7.0
DavidPermut,7.3
RoverTang,7.6
GérardDepardieu,8.1
ChristianFechner,7.6
MartineMarignac,7.014285714285713
DonaldRanvaud,6.9
StéphaneReichel,7.1
SteveNicolaides,7.7
DanLawton,7.0
IanMcDougall,7.1
RogerRandall-Cutler,7.6
LyndaMyles,7.6
GáborSarudi,7.8
EileenGregory,7.0
JohnStewart,7.0
ClaudieOssard,7.766666666666667
LeonardoDeLaFuente,7.8
PeterAalbækJensen,7.75
LyndaObst,8.05
LorethaC.Jones,7.6
JordanKerner,7.7
Wei-YenYu,7.866666666666667
LesMayfield,8.1
GeorgeZaloom,8.1
GöranLindström,7.7
FreddyOlsson,7.7
A.KitmanHo,8.05
SarahJackson,6.5
ArnoldH.Orgolini,6.5
LucBesson,7.166666666666667
AndréeMartinez,6.8
MarkRydell,7.4
SilvioBerlusconi,7.5
BrunoPesery,7.25
BrianGrazer,7.590909090909091
LaurieParker,7.1
LamChua,5.8
AnnaVásová,8.0
GeoffreyWexler,7.7
ToshioSuzuki,7.890000000000001
BillyRaySmith,7.1
DavidSolomon,7.3
AngeloBarbagallo,7.5
SudhakarBokade,8.0
HenryLange,6.2
KennethUtt,8.6
RonBozman,8.6
EdwardSaxon,8.0
ClaudioBonivento,7.0
JeromeBrownstein,7.300000000000001
TedHope,7.2
MimiPolkGitlin,7.5
SeanDaniel,7.533333333333334
RobertM.Young,7.2
MasayukiMori,7.616666666666667
MargaritaWoskanjan,6.8
MikeElliott,4.1
JimBooth,7.5
FredFuchs,7.35
DavidHickman,7.4
TracyTraeger,7.0
Li-KongHsu,7.483333333333333
Feng-ChytJiang,7.6
DoroBachrach,7.0
CamillaNesbitt,7.0
PietroValsecchi,7.0
JaromírKallista,7.459999999999999
JerryTokofsky,7.8
StanleyR.Zupnik,7.8
Pierre-AlainMeier,7.7
AlainRozanès,6.866666666666667
ArthurChobanian,7.5
JeanLabadie,7.1
ÉricHeumann,7.366666666666667
PeterFrankfurt,7.1
DavidHeyman,7.588888888888889
NealH.Moritz,7.1
ErwinWilson,6.3
RickDempsey,8.0
AngeloRizzoliJr.,7.5
TerenceChang,7.6
PaulBerriff,8.0
OliviaStewart,6.800000000000001
AngelaTopping,7.4
JimmyHeung,7.266666666666667
StephenShiu,7.1
OsvaldoPapaleo,7.8
AiméeDanis,7.5
LyseLafontaine,7.4
MattDevlen,6.6
CassianElwes,6.6
MichaelKastenbaum,6.6
AdamSymansky,8.2
SusanCavan,7.3
AndrasHamori,7.3
MartinG.Baker,7.7
PaulSchiff,7.65
LaurensGeels,7.449999999999999
DickMaas,7.3
RussellSmith,7.400000000000001
JuliuszMachulski,7.733333333333334
YitingFeng,7.6
FungKwokMa,7.6
LawrenceBender,8.100000000000001
PatrickMarkey,7.45
AmaliaMato,7.2
K.Balachander,8.2
BabuBhaiH.Shah,8.2
FatehchandH.Shah,8.2
RonnieHadar,3.8499999999999996
CliftonKo,6.25
BruceWeiss,7.2
KinneyGalani,4.5
VijayGalani,4.5
SigurdurPálsson,7.1
ZoranMasirevic,8.0
MichelMavros,8.0
ZoranTasic,8.0
MichaelKustow,8.0
MarkGordon,6.8500000000000005
GreggFienberg,7.3
Jean-LouisLivi,7.1000000000000005
GillianRichardson,6.8
KlausHeydemann,7.7
See-YuenNg,7.4
FrançoiseEtchegaray,7.3999999999999995
YvesMarmion,7.1
FengHsu,7.449999999999999
GiorgioDraskovic,7.4
DomenicoProcacci,7.0200000000000005
TakashiAsai,7.3
ClaudioLuca,7.35
JonKilik,7.533333333333334
JaneRosenthal,7.449999999999999
WilliBär,7.9
MichaelBregman,7.9
BeeGilbert,7.1
EneVanaveski,7.1
BenzhengYu,7.2
FrançoisLeBayon,7.4
JamesJacks,7.699999999999999
MemduhÜn,7.6
DenisFreyd,7.25
TimothyHarris,7.6
HerschelWeingrod,7.6
MauriceSinger,5.8
RaymondWagner,5.8
GraziaVolpi,6.7
TrevorAlbert,8.0
BillBorden,6.9
DalePollock,7.1
TahirHussain,7.4
RuthWaldburger,6.4
ChristineGozlan,6.3
ChristineHutin,6.3
BenoîtRossel,6.3
MilanDor,8.0
DannyKrausz,7.733333333333333
RégineKonckier,7.2
MauriceTinchant,6.5
GeraldR.Molen,8.5
MarjaVenema,6.7
RogerFrappier,7.050000000000001
HiroshiYamamoto,7.3
DarinScott,7.5
MarshaGarcesWilliams,7.0
MarkRadcliffe,7.0
StephenEvans,7.25
DavidParfitt,7.25
DonHahn,7.9
HaruoSai,7.9
DavidDelRio,7.9
ShigekiKomatsu,7.9
JohnLedford,7.050000000000001
YutakaMaseba,7.9
JosephMerhi,5.4
RichardPepin,5.0
AurelioDeLaurentiis,6.85
DavidValdes,7.775
JanChapman,7.6
MikeNichols,7.8
JohnCalley,7.8
RobertN.Fried,7.65
CaryWoods,7.2
DaleDeLaTorre,7.8
WilliamS.Gilmore,7.0
BrankoLustig,8.7
WilliamHorberg,7.466666666666666
ScottRudin,7.563636363636363
"""RichardHutchHutchison""",7.2
Sung-LinTsai,7.2
KevinHudnell,7.6
AdamLindemann,7.6
RittaSaitô,7.5
Tae-wonLee,7.7
DavidReynolds,6.7
HannoHuth,7.2
MarkDiSalle,5.4
RobertShapiro,6.5
NivFichman,7.38
MichaelAllder,7.5
VladimirFotiyev,6.9
MartinHagemann,6.9
ThomasKufus,7.15
BobMisiorowski,7.8
StevePerry,7.9
GaryBarber,7.85
SamuelHadida,7.9
AlainTerzian,7.0
R.J.Cutler,7.4
WendyEttinger,7.4
DavidMatalon,7.8
BertilOhlsson,7.8
MeirTeper,7.8
ChristopherMoll,8.3
AlClark,7.4
MichaelHamlyn,7.4
Hu-pinChung,7.25
VinayKumarSinha,8.2
MoniqueAnnaud,6.4
BobbyBedi,7.8999999999999995
DavidMeyer,7.6
MasahiroToyosumi,7.4
Yi-kanChan,8.1
JeffreyLau,7.675
CharlesGassot,7.3999999999999995
ScottMosier,7.6
RobinDalton,6.7
JeffMost,6.55
"""LynnODonnell""",8.0
BrianDennis,7.1
JoshKramer,7.3
ThomMount,7.3
HeinzBibo,6.9
TildeCorsi,7.075000000000001
GraemeFerguson,7.0
JackyYeeWahPang,7.2
GeorgesBenayoun,6.699999999999999
PaulRozenberg,7.1
RonMoler,7.6
RogerRiddell,7.6
JoséMaríaNieto,7.8
MarianellaCabrera,7.8
JorgeNeves,7.3
HaigBalian,5.3
ChrisBrouwer,5.3
JackClements,6.0
SteveTisch,8.133333333333333
WendyFinerman,7.566666666666667
SteveStarkey,8.000000000000002
RandyOstrow,7.35
GerardoHerrero,7.5200000000000005
CharlesHeung,7.2
PeterGilbert,8.3
ChristopheTseng,8.3
FunhongKow,8.3
DavidGeffen,7.6
StephenWoolley,7.4
NicolasSeydoux,7.2
KlaraBukovska,7.3
MarketaHajkova,7.3
PremyslPrazský,7.3
VittorioNoia,6.3
AleksandrShkodo,6.3
VikramMehrohtra,7.8
SallyHibbin,7.15
MarshallHerskovitz,7.7
ErichLackner,7.175
UlrichFelsberg,7.4
AlanAmiel,4.8
TrudieStyler,6.55
MichaelObel,6.5
JaneHernandez,5.5
RobinScholes,7.1
Chun-keungChan,6.9
NaimingYung,6.9
JudyCounihan,8.0
CédomirKolar,7.95
SamTaylor,8.0
CatVilliers,7.7
WojciechFibak,6.8
MaciejNawrocki,6.8
FaridLahouassa,6.9
AïssaDjabri,7.3
MichaelJacobs,7.55
JulianKrainin,7.85
YoshinobuNishioka,6.8
YoshihisaNakagawa,6.8
ClaudeBerri,7.15
AndrewMacdonald,7.58
SimonLewis,7.9
NikiMarvin,9.3
YoshishigeShimatani,6.5
JitsuzoHoriuchi,6.5
BalrajIrani,5.7
AnilSharma,4.6000000000000005
JoachimvonVietinghoff,8.5
GyörgyFehér,8.5
AndreaSperling,6.7
AnnHui,7.0
EricTsang,7.6
ConstantinPopescu,7.4
ScottMacaulay,7.1000000000000005
"""RobinOHara""",7.1000000000000005
PéterBarbalics,7.0
LászlóSipos,7.0
AlexanderChan,7.6
KongHsu,7.8
AlainDepardieu,7.75
VerityLambert,7.2
DavidShanks,7.2
FlorenceDauman,8.5
JonathanShteinman,7.0
TimothyWhite,6.8
GerardCornelisse,7.4
HansdeWeers,6.6
HansdeWolf,7.4
KuroshMazkouri,7.7
SteveHickner,7.1
AlysonPoole,7.1
LizHeller,7.3
JohnBardManulis,7.3
AnneWalker-McBay,7.966666666666666
BruceDavey,8.05
JulieBaines,6.3
SarahDaniel,6.3
SugVilla,7.0
MaríaVictoriaHebrero,7.6
FélicieDutertre,7.6
MichaelRose,8.1
CarlaShelley,8.1
AlisonGilby,7.3
DonSimpson,7.3
MarkBurg,7.466666666666666
EricEisner,7.7
JohnA.Curtis,4.3
JimCarden,6.8
DemetraJ.MacBride,7.6
RuddSimmons,7.5
MasaoMaruyama,7.339999999999999
YashChopra,8.1
RobertVince,5.6
WilliamVince,5.6
KunikoOkubo,8.0
PatriciaCharbonnet,7.3
ThomasBaer,6.1
KatsuhideMotoki,6.8
TaketoNiitsu,6.8
TakutoNiizu,6.8
IgorPrizmic,4.3
LukaszKarwowski,6.6
AshokAmritraj,4.2
ChristopheRossignon,7.583333333333333
Hua-FuChang,7.05
JosephPierson,7.3
JonathanHackett,7.3
CrawfordJohnThomas,7.3
TomKarnowski,4.0
GarySchmoeller,4.0
RichardMiller,6.8
DavidBarron,7.433333333333334
SandyKing,7.2
KarlBaumgartner,7.5
JoelKastelberg,6.9
KenMatsumoto,8.0
MitsuhisaIshikawa,7.824999999999999
KenIyadomi,8.0
LilaCazès,7.5
AnnieStewart,7.5
DavidPaulKirkpatrick,5.85
KeithSamples,5.6
PhilSavath,8.0
MichaelGriffiths,7.5
MarcusViscidi,7.4
MichaelJ.Rubino,6.7
TomokiIkeda,8.0
JirôKomaki,8.0
MasahikoNagasawa,8.0
NaoeGôzu,7.5
AshleyMorgan,8.1
MikeMahoney,7.1
SteveClark-Hall,6.9
HiroakiInoue,7.8
RadeMilicevic,7.8
RobertFox,6.85
ElizabethKarlsen,6.45
ThomasMertens,7.2
AnnettePisacane,7.2
ClaytonTownsend,7.1
AndrewG.Vajna,7.1
JorgeRocca,6.9
H.M.Coakley,5.8
LucRoeg,6.75
AxelHelgeland,5.4
JeanetteSundby,5.4
FrancesBerrigan,7.4
FionaFinlay,7.6
LisaOnodera,6.6
AllanMindel,5.7
DeniseShaw,5.7
MilanBlazin,8.8
JhamuSughand,7.5
AmyJ.Kaufman,5.3
RuthBoswell,6.2
ChristineVachon,7.271428571428571
LaurenZalaznick,7.2
PhyllisCarlyle,8.6
LindsayDoran,7.6
ChrisBurt,7.9
FrancescoPamphili,6.449999999999999
PeterNewman,7.550000000000001
KenzôHorikoshi,7.4
GregJohnson,7.4
HisamiKuroiwa,7.4
RuthCaleb,7.0
LewRywin,6.85
"""RebeccaOBrien""",7.533333333333334
PaulLederman,7.2
PatrickBordier,7.2
SegoleneFleury-Slimane,7.2
AlexandraLederman,7.15
CharlesRoven,8.4
PaulCurrie,5.4
PaulElliottCurrie,5.4
MichaelMcDonnell,8.5
ChristophHahnheiser,7.15
AlainKeytsman,7.2
AntonKramer,7.3
Wai-ChungChan,7.5
BindaThackeray,6.1
AmandaDiGiulio,7.4
TonyGarnett,7.5
BillShapter,7.5
PhilippeLiégeois,7.2
Jean-MichelRey,7.2
TitusHo,7.7
ThomasA.Bliss,7.3
VibekeWindeløv,7.966666666666666
Woo-seokLee,6.7
JingWong,7.0
MasayaNakamura,6.9
MineVargi,8.25
ÖmerVargi,8.3
Jun-NianTang,6.8
MaryKane,6.6
KhalilDaroudchi,6.9
KhalilMahmoudi,6.9
ReubenCannon,6.7
BarryRosenbush,6.65
Kwok-FaiYeung,7.3
ErikCrone,7.1
KevinMorris,7.6
ChapinWilson,7.6
PhilippeGodeau,7.699999999999999
AngelaHart,6.3
LisaHope,6.3
JonSlan,6.6
DysonLovell,6.8
SajidNadiadwala,5.8
TonSchippers,7.0
MarcvanWarmerdam,7.0
SibteHassanRizvi,7.5
YasushiTsuge,7.65
DeanEnglish,6.4
EricAbraham,7.55
MilkoJosifov,7.899999999999999
GoranBjelogrlic,8.7
AnnaStratton,7.3
RobinCass,7.3
ArnieGelbart,7.3
DeepakNayar,7.6
TomSternberg,7.5
MarySweeney,7.466666666666666
ChristopheBarratier,7.9
YvetteMallet,7.9
MichèleRay-Gavras,7.35
DennisStuartMurphy,6.7
LisaBruce,6.8
RobertNickson,6.8
AbolfazlAlagheband,7.9
GaryLucchesi,7.7
FrédéricBrillion,7.4
MikaRitalahti,5.8
CathyKonrad,7.4
CatherineHun,6.7
ShôjiMasui,7.7
YûjiOgata,7.7
MalcolmCraddock,7.8999999999999995
JaneScott,7.7
DavidL.Bushell,7.55
BrandonRosser,8.0
EdwardBurke,7.3
ArthurLappin,7.15
TarsiciusVanhuysse,6.6
DanyGeys,6.6
JoséLuisCuerda,7.599999999999999
FernandodeGarcillán,7.3
MichaelG.Nathanson,7.85
CarolynMontagu,6.6
DraganSamardzic,8.1
LjubisaSamardzic,8.1
DannyFisher,6.4
LauraCafiero,7.5
AlexandraJuhasz,6.7
BarrySwimar,6.7
TaylorHackford,8.0
HumbertBalsan,6.966666666666666
TerenceA.Donnelly,7.9
RobertAltman,6.1
GermanoCoelhoFilho,7.1
MarceloPinheiro,7.1
PaulFinn,7.0
LloydLevin,7.65
JohnS.Lyons,7.9
JoAnneSellar,8.0
BobPotter,6.1
E.BennettWalsh,6.85
ChrisHanley,7.433333333333334
GianluigiBraschi,8.6
JohnM.Davis,8.6
EldaFerri,7.35
DebraHerman,7.7
Ye-chengChan,7.8
AmirEsfandiari,8.3
MohammadEsfandiari,8.3
ChaseFoster,6.6
DanaShaffer,6.6
PeterWhite,6.6
AndrewMason,7.6
JeanDoumanian,7.300000000000001
DonnaGrey,6.2
AnneKopelson,7.5
ChristopheJung,6.3
ChristopheMénager,6.3
LouisDiGiaimo,7.5
MitchellStein,7.1
JohnnyWow,7.1
RobertoGómezBolaños,6.9
TerenceMichael,6.1
BrianEastman,7.2
RanaJoyGlickman,6.85
CeánChaffin,8.025
DannyDeVito,7.533333333333334
StaceySher,7.533333333333334
DavidNicksay,7.7
Shun-ChingChiu,7.2
AndréHennicke,8.0
TomZickler,8.0
PiaEhrnvall,6.9
MånsReuterswärd,6.9
DuncanKenworthy,7.3999999999999995
StefanArndt,7.5600000000000005
AmedeoUrsini,6.3
JayBenson,5.9
MarioKassar,6.9
JeremiahSamuels,7.5
CaroleScotta,7.6
JavierLópezBlanco,7.6
SimonFields,7.3
JaneStartz,7.3
JamesGorman,7.5
SarahRadclyffe,7.133333333333333
DouglasUrbanski,7.3
LucyBarreto,7.4
LuizCarlosBarreto,7.4
BridgetJohnson,7.7
KristiZea,7.7
PeterWentworth,6.4
RicardoMestres,6.8
NorbertPreuss,7.050000000000001
PawelPoppe,6.5
OliverStone,7.3
JanetYang,7.3
MoctesumaEsparza,6.7
RobertKatz,6.7
IainSmith,7.1
JohnH.Williams,7.1
GlynisMurray,6.949999999999999
MichelSeydoux,7.8
BarnetBain,4.4
JeremyBolt,6.5
PeterSaraf,7.333333333333333
LisaAlwert,7.6
BonnieBruckheimer,6.2
JonLandau,7.8
HéctorFaver,7.3
JoanAntoniGonzález,7.3
PiaFrankenberg,6.2
LaurensStraub,6.2
AdamSchroeder,8.1
MarkR.Harris,6.8999999999999995
PaulColichman,6.866666666666666
JohnDavimos,6.6
MushirAlam,7.5
MohammadRiaz,7.5
JulieBergmanSender,6.7
RogerBirnbaum,7.25
AtsuyukiShimoda,6.9
YasuhiroIto,7.2
KenichiKamata,7.2
SatoshiKanno,7.300000000000001
JohnMorrissey,8.5
MichaelStipe,7.7
VincentLanday,7.5
ChristianLambert,7.0
PatrickCassavetti,7.0
JohnCopeland,7.7
MatthewVaughn,8.25
TimSanders,8.15
BarrieM.Osborne,8.8
IanBenson,5.2
ConradHool,6.1
WilliamJ.MacDonald,6.1
PascalJudelewicz,6.0
Anne-DominiqueToussaint,6.2
BobDegus,7.5
StevenSoderbergh,7.5
IanBryce,8.25
GaryLevinsohn,8.6
RobertMichaelGeisler,7.6
GrantHill,7.8999999999999995
JohnRoberdeau,7.6
FernandoAyala,7.2
LuisOsvaldoRepetto,7.2
SalimAkhtar,6.6
KazuoKuwahara,7.7
AnneGarefino,7.6
GiannisKaratzopoulos,8.2
MickGochanour,7.7
RitaRusic,6.949999999999999
MasaichiNagata,7.0200000000000005
TetsuyaIkeda,7.25
TsutomuTsuchikawa,7.4
VasilisKatsoufis,7.7
VittorioPietra,7.7
KateOgborn,6.5
IgorTolstunov,7.7
ShinUnozawa,7.6
RodBoaz,7.6
TsuyoshiHamawatari,7.6
DagmarJacobsen,6.9
AlexanderRis,6.9
AlanPoul,7.2
ZackHabakuk,7.2
OsnatShalev,7.2
FernandoBovaira,7.56
JakobClaussen,7.3
ThomasWöbke,7.3
EzelAkay,7.8
CarlBradshaw,6.9
TimBevan,7.5875
AlisonOwen,7.4
Seoung-JaeCha,6.6
DidierBrunner,7.733333333333333
BernardLajoie,7.949999999999999
NihalG.Koldas,8.3
BrunoJobin,7.0
BarryMendel,7.666666666666667
DesMcAnuff,8.0
AllisonAbbate,7.9
BarryKemp,6.8
MikeFarrell,6.8
LuigiDeLaurentiis,7.9
LeslieDilley,6.6
KarenDufilho-Rosen,7.95
AlanLandsburg,6.5
KanjirôSakura,7.8
TakashiIshihara,7.8
HisaoMasuda,7.8
ChiakiMatsushita,7.8
SamMaydew,7.5
PeterWard,7.5
T.J.Särkkä,7.0
EnriqueLópezLavigne,7.7
ZelitoViana,8.4
PaoloGuerra,7.0
MarcoPoccioni,7.6
ChristianBecker,7.199999999999999
ThomasHäberle,7.199999999999999
PietervanHuystee,7.5
TomGorai,6.9
MarcSamuelson,6.15
PeterSamuelson,6.15
Cheng-HangLu,5.5
RossGraysonBell,8.8
WillieBoudevin,5.6
BernardZukerman,7.0
MattFreeman,7.2
MickeyLiddell,7.2
PaulRosenberg,7.2
GeorgeGund,7.2
NicolasBrevière,6.9
OlivierDelbosc,7.033333333333334
RobertF.Newmyer,7.7
JeffreySilver,7.7
IkuoKubodera,7.9
PieterJanBrugge,7.8
KazumasaNakano,7.2
AndrewEaton,6.45
EllinBaumel,6.4
PaulKolsby,6.4
KevinSegalla,6.4
MichelleYahn,6.4
HiroakiTokano,4.7
RobertRedford,7.9
MartinedeClermont-Tonnerre,8.2
YvesJeanneau,7.7
ÉricMichel,7.9
DixieLinder,7.449999999999999
SeihaOhji,7.5
YasuhikoFurusato,7.5
ToshiakiNakazawa,7.25
TomioAnzai,7.5
ShôjiKishimoto,7.3
MartinLagestee,6.3
BradBlondheim,7.9
ErnestMeza,7.9
KitMingLi,7.4
ChristianHalseySolomon,7.6
ChrisBrinker,7.8
ElieSamaha,7.8
LloydSegan,7.8
KyôkoÔbayashi,6.7
JosédaCostaCordeiro,7.5
JoséAlbertoReis,7.5
BeatrizGonzález,8.2
SusanMurdoch,5.3
HidemiSatani,7.550000000000001
JonathonKer,7.2
Anne-MarieMackay,7.2
MartinProctor,6.9
AndrewLazar,7.3
IndiaRose,2.7
JamesVelasquez,2.7
JessicaRains,5.3
HarryRalston,5.3
AmandaMarmot,7.0
MassimoCortesi,6.9
LydiaDeanPilcher,7.0
JackieGlover,7.7
CindyMiller,7.7
LarsJönsson,7.65
DanielRappaport,7.7
MichaelRotenberg,7.550000000000001
CharlesBrand,8.6
SimchaZvuloni,7.4
BirgitteHald,8.0
EmmaThomas,8.200000000000001
RichardSchöps,7.8
YasushiMatsuda,7.3
Teng-KueiYang,7.4
PeggyChiao,7.266666666666667
DanielIron,7.199999999999999
LucileHadzihalilovic,7.35
RachidBouchareb,7.7
JeanBréhat,7.7
TomRemlov,6.5
EduardoCampoy,6.8
DamianLee,5.4
AllenKlein,8.2
JuliaStrohm,6.7
FrancisFordCoppola,7.2
JulieCostanzo,7.2
DanHalsted,7.166666666666667
CharlotteHuggins,5.5
KariKyrönseppä,6.5
AlbertBerger,7.4
DavidGale,7.15
RonYerxa,7.0
HenrikDanstrup,7.166666666666667
ThomasFalck,6.8
PeterHerrmann,7.5
ChristophHolch,7.0
UschiReich,7.0
SusannevanLessen,7.0
RobertJones,6.9
DeniseDoyle,6.1
E.GregScheinman,6.1
JackRapke,7.8
LianneHalfon,7.35
JohnMalkovich,7.35
MarshallPersinger,7.45
RenaRonson,7.2
StevenJ.Wolfe,7.2
SatoruIseki,7.2
ShirleyKao,7.2
MarieCantin,6.8
IlseKubaschewski,7.2
WalterTraut,7.2
TakeshiEndô,6.9
ShigeruOkada,6.8
TokukoMiyako,7.0
MariaSkourti,8.1
RegnerGrasten,6.1
MasayukiAkieda,7.35
ShihoSato,7.7
AlexGouw,5.5
HendrickGozali,5.5
NikolaKojo,8.1
JosefReitinger-Laska,7.4
RichardGuay,7.5
PeterBray,7.7
IraDeutchman,7.7
StanleyM.Brooks,5.5
EnriqueCerezo,5.5
RichardHolmes,7.3
CatherineJacques,6.35
MireilleSoria,7.1
JeffreyKatzenberg,7.1
NealEdelstein,7.95
TonyKrantz,7.9
MichaelPolaire,7.9
OndrejTrojan,7.599999999999999
AldoU.Passalacqua,7.1
PetterJ.Borgli,7.1
PaulMezey,6.75
ToshimichiOhtsuki,7.45
RolfSchmid,7.5
AntoinedeClermont-Tonnerre,8.15
A.SreekarPrasad,7.0
AbhijatJoshi,7.0
BruceCohen,8.15
DanJinks,8.15
FrancescoGiorgi,6.4
AntonioLucatelli,6.4
AmandaWinnLee,8.2
TsuguhikoKadokawa,7.85
JasonLee,8.2
HeikkiAhonius,6.1
EricDussart,7.7
MarcBaschet,7.800000000000001
LudiBoeken,7.7
FrédériqueDumas-Zajdela,7.800000000000001
LauraGabbert,6.7
GeorgeLaVoo,6.7
GavinEmerson,7.5
JohnHart,7.5
EvaKolodner,6.2
JeffreySharp,7.5
SeatonMcLean,7.6
DouglasWick,7.733333333333334
YashJohar,7.7
CharlesRaymond,7.4
AndrewLloydWebber,7.7
GiorgioArmani,8.2
GiulianaDelPunta,8.2
BrunoRestuccia,8.2
JuneBeallor,7.6
KenLipper,7.6
BonniePeterson,7.2
LeoPeterson,7.2
JerryKupfer,7.199999999999999
DanielHelberg,4.9
YoramPelman,4.9
WahidChowhan,5.9
RogerNygard,7.4
HenryChalfant,8.1
TomTykwer,7.300000000000001
KazimierzRozwalka,7.0
StefanSchubert,7.666666666666667
RalphSchwingel,7.666666666666667
KlearhosKonitsiotis,6.3
GordonWolf,6.5
JamesBigwood,4.6
SallyBlake,8.1
DavidM.Ostriker,8.1
TheophanisA.Damaskinos,6.3
FilopoiminFinos,6.3
VictorG.Michaelides,6.3
EricWatson,8.3
PalmerWest,7.900000000000001
YvonneThunder,5.9
DonBarkemeyer,6.1
RobertD.Larkey,6.1
SarahPrice,7.9
LaurenceMark,7.3
RhondaTollefson,7.3
JandeBont,7.6
BonnieCurtis,7.6
JanetCole,7.1
YannickBernard,5.8
DonaldFactor,4.5
GillesSandoz,7.233333333333334
CharlieSwanson,8.7
ShaunaLyon,6.5
BillCarraro,7.3
HawkKoch,7.3
FrédéricBourboulon,7.4
AleksandarAvramovic,8.7
MaksaCatovic,8.7
ChristerNilson,7.233333333333333
BehroozHashemian,7.0
SteveCalafer,8.1
SteveKalafer,8.1
AliGhaemmaghami,8.2
MehdiKarimi,8.2
MehdiMahabadi,8.2
MohsenSarab,8.2
WernerRieb,7.5
SelwynRoberts,7.8
PierreNeurrisse,8.1
AtsushiSugita,6.75
HidekazuTerakawa,7.5
SilvanoAgosti,7.9
PaoloInfascelli,6.8
BobRoe,5.9
HannuKahakorpi,7.6
DillyGent,7.6
KateKotcheff,7.6
ChristophFriedel,7.4
DennisBishop,7.3
CosmoAnzilotti,7.3
DimosHajihristos,8.8
KiyoshiMizokami,6.9
GeertBert,5.2
JerryHamza,8.399999999999999
NobusaburôHonda,7.1
SamKitt,7.2
SpikeLee,7.2
MichèlePétin,7.4
TomBull,8.1
SevilDemirci,7.8
Hsi-ShengChen,7.2
Shih-yuanLu,7.050000000000001
"""GinichiKishimoto""",7.6
KadriYurdatap,8.7
NelsonAlfredoAguilar,7.0
DominiqueJanne,6.900000000000001
TsunenoriIbara,7.1
KeinosukeKubo,7.1
GeorgeFaber,7.199999999999999
CharlesPattinson,7.199999999999999
YoshiharuMishima,7.4
AnneHarrison,7.1
AlKlingenstein,7.3
IgorKalyonov,7.0
AndreiRazumovsky,7.0
YuriRomanenko,7.0
FredBaron,7.6
MartinBrown,7.6
BillBadalato,7.2
RobertTeitel,7.2
KaneoIwai,6.75
KatjaDeBock,7.5
GebhardHenke,7.5
MariaKöpf,7.2
DavidGrubin,8.2
FredAronow,8.2
NancyBaker,8.2
RhettaBarron,8.2
RobertFiore,8.2
DavidGilles,8.2
DominiqueLasseur,6.7
CatherineTatge,6.7
HansPos,6.1
DaveSchram,6.1
DickArnall,6.8
TakashiShoji,7.2
DerekLamb,7.3
ShelleyLyons,7.5
TatsuoShimamura,8.1
IanStewart,9.1
HiroyukiNegishi,7.166666666666667
SusanA.Stover,6.9
YutakaWada,7.6
HiroshiHasegawa,7.6
MasaoKobayashi,7.6
MitsunoriMiura,7.6
AnnetteNørregaard-Jensen,6.5
Maripol,7.1
JenniferTodd,7.85
SuzanneTodd,7.85
YuZhao,7.75
PatrickGrandperret,7.4
ChadOman,7.8
KarstenAurich,6.9
RachelTenner,6.9
HsingLee,7.1
SophieClarke-Jervoise,7.7
FrizFreleng,7.45
JenniferKawaja,6.9
JuliaSereny,6.9
MichelOuellette,7.0
SwargachitraAppachan,8.7
JohnD.Schofield,7.6
RenéeValente,7.1
HarveyWeinstein,7.5
BarryBloom,7.6
RonHoward,7.65
MichaelRosenberg,7.6
StevenKeller,6.8
TasosPapandreou,6.5
Deepak,8.0
DenisLeary,7.6
TomasKrejci,7.6
EdGuiney,7.0
TomDaly,7.0
ColinLow,7.0
YukinoriFuchizawa,7.3
AtsumiTashiro,7.3
PeterAbrams,7.2
TimothyM.Bourne,7.8
BubbyKent,4.8
IchinosukeHozumi,7.0
KeiIjichi,5.9
YoshihiroYûki,5.9
PattiGreaney,7.3
KojiKobayashi,6.2
TakenoriSentô,6.35
Jean-FrançoisLaguionie,7.6
ChrisP.Carter,7.0
GregLittle,7.0
GregS.Little,7.0
TommyPerna,7.0
JohnBattsek,7.65
SunminPark,7.6
PierreGrimblat,7.8
Jean-LucAzoulay,7.8
TakisCandilis,7.8
DianaElbaum,6.5
PatrickSobelman,6.85
FouadNahas,7.8
PavelBorovan,7.7
TomPark,7.3
CarolineHewitt,7.0
ButchRobinson,7.1
KenAguado,7.1
FrankDarabont,7.1
EriqLaSalle,7.1
KimMagnusson,7.5
TiviMagnusson,7.6000000000000005
AnitaCamarata,7.7
AmandaTemple,7.65
AkiKaurismäki,7.7
CésarSantosGalindo,8.1
DanieleMaggioni,7.3
AlisonJackson,6.6
TimothyE.Sabo,7.8
SergeySelyanov,6.933333333333333
FabrizioMosca,7.6
BharatS.Shah,7.6
PiminZhang,7.0
RayAngelic,6.0
LarryMeistrich,6.0
SarwarBhatti,7.1
Bong-ouLee,7.4
TommyBlatnik,8.4
TinaSilvey,8.4
DeeMalone,4.4
KathyShaw,4.4
AudriusKuprevicius,7.7
BarryBarnholtz,2.0
TommyPallotta,7.8
JonahSmith,7.699999999999999
MohammadMehdiDadgo,7.4
MakotoUeda,7.550000000000001
YujiMatsukura,7.4
AtsushiMoriyama,7.1
SimonBosanquet,8.0
DarrylSheen,6.3
ChipsChipperfield,7.7
NickDeGrunwald,7.7
IbTardini,7.4
PhilipKrupp,6.8
AviLerner,6.8
SteveKempf,7.5
EsteePortnoy,7.5
DonaldW.Ernst,8.6
JohnLasseter,8.6
JorgeVergara,7.199999999999999
DeviVaraPrasad,6.3
JonathanGlickman,7.8
XiaodianLiu,8.2
StephenP.Jarchow,7.0
NickStagliano,6.5
LindaSaffire,7.9
AdamFields,8.0
NancyJuvonen,8.0
SeanMcKittrick,8.0
SlawomirRogowski,7.1
"""LynneDAmbrosio""",8.4
SuzanneHarold,8.4
MichaelHoffman,8.4
KimberRickabaugh,8.516666666666667
EllenSilva,8.4
PabloBossi,7.85
Jae-YoungJeon,7.7
Gye-namMyeong,7.800000000000001
NicoHofmann,6.2
SaschaSchwingel,6.2
ForrestMurray,7.5
ClaesOlsson,6.1
JaakkoKievari,6.1
BrendaCarlin,8.149999999999999
PamelaKoffler,7.7
KatieRoumel,7.5
DeborahOppenheimer,7.7
RiikkaPoulsen,6.8
GregBrenman,7.7
JonathanFinn,7.7
MarcConrad,7.7
GabrielaPfändner,6.3
KurtRittig,6.3
ChristianP.Stehr,6.3
AmyPalmer,8.2
KarenJaroneski,6.9
OrenKoules,7.35
RaimundFelt,7.0
TomSherren,7.6
LoreneMachado,7.4
YahyaKiliç,7.65
AbdurrahmanKeskiner,8.5
ArifKeskiner,8.6
TrudiCallon,7.3
KirkHassig,7.3
JayBogdanowitsch,6.0
PaulDiener,6.3
Byoung-juAhn,7.1
In-giChoi,7.1
RobertBenmussa,8.5
NealMarshall,8.1
NahitAtaman,8.8
ErtemEgilmez,8.48
JoanneForgues,5.1
G.P.Vijayakumar,7.6
RatanJain,6.5
DerekKavanagh,7.2
JamesNasser,7.2
MarcBauman,7.2
AgustínAlmodóvar,7.333333333333333
BerthaNavarro,7.25
SeverinoManotokJr.,7.1
JasonPiette,5.6
JohnShepherd,5.6
DorothyBerwin,6.5
ElizabethGreyCloud,7.6
DeanZanuck,7.7
GáborKovács,7.6
ÁgnesPataki,7.6
SaïdBenSaïd,6.7
GaryCook,8.0
ScottSwofford,7.1000000000000005
RichardN.Gladstein,7.800000000000001
PatrickCrowley,7.866666666666667
SönkeWortmann,7.3
DamonDash,5.7
YasuyukiUemura,6.6
TakehikoTanaka,6.6
MichaelMcNulty,7.4
StephenM.Novak,7.4
RickVanVleet,7.4
JodyShapiro,7.4
JohnPenotti,6.3
FisherStevens,6.3
TimWilliams,6.3
TizianaSoudani,6.9
JohnCovert,4.3
PeterYarrow,7.5
JakeEberts,6.75
LennyYoung,6.1
SaraSilveira,7.7
CaioGullane,7.550000000000001
MarcoMueller,7.7
GregoryShuker,7.8
AyeshaShroff,4.9
JackieShroff,4.9
WolframTichy,6.4
FinolaDwyer,6.9
FeniaCossovitsa,6.3
AmandaLivanou,6.3
IraklisMavroidis,6.3
DavidBlocker,7.2
DavidKirschner,7.2
CoreySienega,7.2
RobCowan,7.5
KimioKataoka,7.6
ChieKobayashi,7.6
NaoyaNarita,7.5
GrahamWalters,8.1
JonathanDemme,7.7
AndrésVicenteGómez,4.5
JoakimHansson,6.3
DavidMandil,6.65
EyalShiray,6.6
AnnieMiller,6.8
LaurencePicollec,7.3
PascalVerroust,6.3
MiyukiNanri,7.4
NozomuTakahashi,7.550000000000001
NecatiAkpinar,8.0
ZumrutArolBekce,8.0
SidneySherman,7.2
BeniAtoori,5.2
MaryJaneSkalski,6.8
KurtStocker,7.6
NancyLaing,7.1
KarenEliseBaldwin,7.2
HowardBaldwin,7.2
RobertLawrence,7.0
DavidAltschul,8.2
BrianBenson,6.2
SándorSimó,7.9
CarlSchoenfeld,6.9
MarkA.Catalena,7.9
SelinaLin,7.9
GeoffreyPepos,6.5
BertrandFaivre,7.05
AdelineLecallier,7.1
AgiOrsi,7.800000000000001
ChrisSchwartz,5.6
ClarkSpencer,7.2
MichaelColgan,7.7
AlanMoloney,7.5
BrianHyland,8.6
WongueMbengue,6.7
RichardSolomon,7.6
EdwardZwick,7.6
ShannonAmos,8.5
DagAlveberg,7.3
ClaireJennings,7.800000000000001
WillemThijssen,7.9
HiroshiOhkawa,7.9
MarkRedhead,7.6
JérômeDopffer,6.2
AndreiBoncea,7.2
GunterHanfgarn,7.1
PaulaJalfon,7.1
Yuet-JanHui,6.1
DuangkamolLimcharoen,6.85
NeilPeplow,7.0
CestmírKopecký,7.3
PavelStrnad,7.3
JohnWells,7.25
BrunoLevy,7.3
WilliamJ.Immerman,6.7
GingerT.Perkins,6.7
BobNeuwirth,7.4
LucDéry,7.2
JosephHillel,7.2
RudolfBiermann,7.4
RabiaDockray,8.2
HarryArends,7.8
PhilSavenick,7.8
AristidesMcGarry,7.550000000000001
RobertVandeWeteringeBuys,7.4
AndreaWortham,8.2
CindyE.Brolsma,8.2
LemonKrasny,8.2
RobynBoardman,7.7
VivianeVanfleteren,7.8
JiríBartoska,7.5
JaroslavBoucek,7.5
GregorClark,7.6
LalouDammond,7.6
DeboraghGabler,7.8
PaulHellerman,7.8
DonaldZuckerman,6.15
CarloLiconti,4.8
AndrewPfeffer,4.8
EllenS.Wander,4.8
Sang-hoonAhn,7.6
PaulHertzberg,3.9
MichaelSombetzki,7.8
GabriellaMartinelli,6.1
J.C.Spink,7.6
ChrisBender,7.6
A.J.Dix,7.6
AnthonyRhulen,7.6
NicolasCage,7.6
BhushanKumar,7.5
KrishanKumar,7.5
KeiHaruna,7.4
TomiyasuIshikawa,6.9
HirooTsukada,6.9
TarôMaki,7.9
DominiqueFarrugia,7.0
OlivierGranier,7.0
StephenLuby,6.8
HejoEmons,7.4
RiteshSidhwani,7.65
AlanFountain,7.5
SilviaSteven,7.5
MarielaBesuievsky,7.8
FernandoBlanco,7.8
RuiPires,7.6
ÓscarKramer,7.35
VanFresnot,6.9
HelenDuToit,7.2
KurtMaeder,5.9
ChulShin,8.0
KalaippuliS.Thanu,7.55
SamyHalfon,6.8
HenrykRomanowski,7.0
Seon-aKim,7.1
Woo-SukKang,6.9
KermitSmith,7.2
FrancescaCima,7.35
AngeloCurti,7.35
NicolaGiuliano,7.35
AnnamariaMorelli,7.2
AmedeoPagani,6.6
AkikoFunatsu,7.0
DaiMiyazaki,6.75
LeonZuratas,6.8
BertrandGore,5.9
Ki-minOh,7.25
JulioFernández,7.65
ThierryForte,7.6
MassimoVigliar,7.6
PabloWisznia,7.6
PeterHeller,6.5
Pierre-OlivierBardet,7.6
AndreyDeryabin,7.5
VladimirPersov,7.6
ChuckComisky,6.8
JanaceTashjian,6.8
PeterPossne,5.6
Taek-YongLee,8.1
TakashiHirano,7.133333333333333
OsamuKubota,7.2
OliverHuzly,6.8
SatoshiNakamura,7.0
JohnBarnett,7.5
FrankHübner,7.5
PeterLoehr,7.2
KariSara,6.7
GaryBryman,7.6
SteveHein,7.6
RosaBosch,6.6
WilliamKong,7.5
SookYhun,7.233333333333333
RobynSlovo,6.8
ChrisRodley,7.4
KevinChu,7.4
TatsuyaOno,7.8
KazuhikoIkeguchi,7.4
ShinjiKomori,7.8
MartinPope,6.6
MollyBradford,7.9
PredragBajcetic,8.4
LjubaDjordjevic,8.4
SherrySimpson,7.3
LarryEstes,6.6
GraydonCarter,7.433333333333334
ShirleyMoyers,7.550000000000001
LorneOrleans,8.083333333333334
ChrisColumbus,7.9
HirotsuguYoshida,7.1
MirkoGalic,6.95
BranArandjelovich,7.1
KarenD.Arandjelovich,7.1
NickAnagnos,6.8
DenisPoncet,8.0
Seung-jaeLee,7.4
AnnedorevonDonop,7.9
JuliaChasman,7.6
TobeyMaguire,7.6
MiraLesmana,7.8
RiriRiza,7.8
ClaudeCarrère,6.1
PatrickGouyou-Beauchamps,6.1
AnneRegard,6.1
ChrisHunt,8.7
John-PaulBeeghly,7.4
LucyDarwin,7.5
NellieBellflower,7.7
RogerFriedman,6.7
TraceyAdlai,6.7
AndréValio-Cavaglione,6.3
SimonDamiani,6.8
MichieldeRooij,6.7
BurnyBos,7.050000000000001
PierreBenque,6.5
EmmanuelSchlumberger,6.5
CharlesBishop,7.9
JimCzarnecki,7.9
MichaelDonovan,7.9
KathleenGlynn,7.9
Kar-WaiWong,7.0
RichardBarber,8.4
Jae-wooWhang,7.8
Woo-hyunWhang,7.8
G.Srinivasan,8.4
LeeHanna,7.3
EstherGarcía,7.433333333333334
GordonMcLennan,7.5
SandfordPassman,7.8
TomDonahue,5.9
StevenJ.Brown,5.9
LuisDantas,5.9
RobertSalerno,7.7
MichaelLondon,7.55
AlaindelaMata,7.2
JodiMatterson,6.2
HaruyukiMachida,7.1
KôshirôAndô,7.1
SunobuHorigome,7.1
MauricioAndradeRamos,8.6
AndreaBarataRibeiro,8.6
JohnWalker,8.0
JulieAhlberg,8.1
MichaelWilliams,8.1
JensMeurer,7.6000000000000005
DavidCodikow,6.3
HappyWalters,6.3
MattWeaver,6.75
FrancesHigson,7.7
EdgardTenenbaum,7.5
RameshSadhuramTaurani,8.1
KumarSadhuramTaurani,8.1
JaumeRoures,7.6
CorneliaPalos,7.1
CésarBenítez,7.0
Min-cheulCho,7.9
JeonJay,7.9
LorisOmedes,7.3
RobertNador,8.1
ÈveVercel,8.1
MichelNoll,7.3
MajaKusturica,7.6
RobertM.Goodman,7.7
AndrewCurrie,6.3
SerkanCakarer,7.9
DiloyGülün,7.9
SerdarTahiroglu,7.9
PaulaWagner,7.7
TomEngelman,7.7
ScottKroopf,7.7
MiroslavMitic,7.2
MaurizioTotti,7.4
MarcoChimenz,7.2749999999999995
GiovanniStabilini,7.25
JudieHoyt,7.9
RobertLorenz,7.833333333333333
BillMechanic,7.7
MarySandell,7.7
PeterAbraham,7.5
LucasFoster,7.7
MicahW.Merrill,6.7
LanceC.Williams,6.7
WlodzimierzOtulak,7.6
TakashigeIchise,6.9
KazuoKatô,6.9
MasaakiTakashima,6.9
RiccardoTozzi,7.1
BastianClevé,7.6
GeorgGruber,7.6
KatrinWans,7.6
RandallGladstein,7.2
LazarRistovski,7.0
AndrésSantana,6.7
LynnHarris,7.8
AryaBhattacherjee,6.7
NaokiKai,6.8
AntonioSaura,7.0
PritishNandy,6.4
RangitaPritishNandy,6.4
Hsiao-MingHsu,7.3
PamelaAbdy,7.4
GaryGilbert,7.4
RichKlubeck,7.4
SeanWelch,7.5
RossKatz,7.7
BenRekhi,6.6
SolTryon,6.6
MarkShorrock,6.7
AnthonyBregman,7.95
MollyM.Mayeux,6.9
F.A.Miller,6.1
MichaelMann,7.5
SanfordR.Climan,7.5
CharlesEvansJr.,7.5
GrahamKing,7.716666666666666
JacquesOuaniche,6.9
ElizabethW.Alexander,7.1
AlisonBenson,7.1
PredragJakovljevic,8.4
DejanVrazalic,8.4
MichaelLuceri,5.5
RobertStarkHickey,5.5
KentVanVleet,5.5
NickLaws,6.8
EtienneComar,6.8
JeanCottin,6.8
RobertMay,7.449999999999999
KathrynTucker,7.6
MarcosPrado,7.949999999999999
MarkDamon,7.3
DonaldKushner,7.3
ClarkPeterson,7.3
BradWyman,7.3
RobertPetrovicz,7.2
PeterLhotka,7.2
MartaM.Mobley,6.3
MartaAnderson,6.3
MarcSmerling,7.7
FernandoSulichin,6.9
GiniReticker,7.6
FrankGarritano,7.9
KarolynAli,7.9
PrestonL.Holmes,7.9
PetriJokiranta,6.55
TeroKaukomaa,6.866666666666667
PascalCaucheteux,7.1
WouterBarendrecht,7.6
NonzeeNimibutr,7.6
EdwardBernard,8.0
MichaelDeffert,8.0
DonatellaBotti,8.5
PhilipMonk,7.0
GabyMonet,7.65
GauriKhan,7.0
MarianneChristensen,7.2
MetteHeide,7.2
PamelaYoder,7.1
RichardGrandpierre,6.5
StéphaneParthenay,6.5
NathalieMesuret,5.7
LynnHendee,6.0
KieranCorrigan,6.0
MarkCiardi,7.5
GordonGray,7.5
StuartBenjamin,7.7
JunAida,7.6
JaroslawSawko,7.550000000000001
PiotrSikora,7.550000000000001
JianminLv,7.6
WangYu,7.6
IchirôYamamoto,7.65
HiroshiFukazawa,7.775
ShigehiroNakagawa,8.1
PennyMarshall,8.0
BobKrupinski,7.3
MarioSt-Laurent,7.3
JonnieDearenzo,1.9
MikeSedan,1.9
Jong-yunNo,7.75
Moo-RyoungKim,8.1
SylvieBlum,7.4
LucySexton,7.4
SylviaStevens,7.4
BettinaScheuren,6.9
JohnLinson,7.1
KazuyaHamana,6.3
TetsujiHayashi,6.3
NobuyukiTohya,6.3
EnriquePiñeyro,7.0
HelgeAlbers,7.6
PhilippeAvril,7.6
JamesKeach,7.8
NicoleVisram,8.7
SatoruOgura,6.866666666666667
RachelTalbot,7.5
SonjaGoslicki,7.4
NozomiEnoki,7.5
HidejiMiyajima,7.5
SamuelGoldwynJr.,7.3
JohnGoldwyn,7.3
TakikoMizunoe,6.8
ArchieBorders,6.6
AlexLaskey,6.6
AlanOxman,6.6
KanakoKoido,7.0
HarumiSone,7.0
AlainAttal,7.5
LaurieMacDonald,7.3
YûjiIshida,7.333333333333333
KazukiManabe,6.9
SusumuNakazawa,6.9
ShannonGoldman,5.5
JackMaeby,7.5
WeiWang,6.2
YongdeZhu,6.2
DavidPower,8.3
DanyWolf,7.2
LawrenceKasanoff,3.6
AlisonSavitch,3.6
ChandraHaasan,8.2
JoHuman,7.1
EffieBrown,6.5
Jeong-wanOh,7.4
MollyHassell,7.15
LuJin,7.0
ZhipingZheng,7.0
NiraPark,7.733333333333333
PeterEdwards,6.4
CharlieHanson,6.4
BarneyOldfield,7.2
LucVandal,7.4
PeterNadermann,7.9
ReinholdElschot,7.9
ErnstLiesenhoff,7.0
AndréDjaoui,7.4
PhilippeMartinez,7.4
StéphanieMartinez,7.4
K.Muralitharan,8.600000000000001
V.Swaminathan,8.600000000000001
G.Venugopal,8.600000000000001
SusanLacy,8.5
JeffRosen,8.5
NigelSinclair,8.35
AnthonyWall,8.5
PaulaLavigne,7.5
LaurentBrochand,5.8
EikoTanaka,7.3999999999999995
RobertDeNiro,7.1
HardyJustice,7.1
ShinjiShimizu,7.8
GeorgeSeminara,8.0
RoryKennedy,7.1
TechAkarapol,7.2
SukanyaVongsthapat,7.2
CatiCouteau,7.3
DanaHastier,7.3
JulieRichardson,7.5
JeffreyKusama-Hinte,7.6
KuoBao-Xiang,7.3
XuJa-Cha,7.3
DavidLiu,7.3
PaulSandberg,7.7
FeliciaFeaster,6.9
TommyGibbons,6.9
LasseSaarinen,6.1
Bo-ChuChui,7.65
SusanRoseBehr,7.4
TobiasSiebert,7.4
TamásHutlassa,7.7
TakashiMogi,7.0
NielsBald,7.0
FengJunGao,6.9
SariNirmolo,7.3
DinaPonsen,7.3
Dong-JooKim,8.0
VirChopra,8.1
AnshumanSwami,8.2
CathySchulman,7.699999999999999
BobYari,7.65
AdamBohling,7.3
DavidReid,7.3
V.A.Durai,8.4
DmitryLesnevsky,8.0
CarolineWood,7.7
BakerBloodworth,7.9
ChrisChrisafis,7.7
NatachaCervi,6.7
HarryAntonopoulos,7.5
AbdullahOguz,7.55
LilyPapadopoulos,7.5
DionyssisSamiotis,7.5
ArkadiuszArtemjew,6.7
TomaszGassowski,6.7
BartSimpson,8.1
JohnSmithson,8.0
TaguhiKarapetyan,6.8
AlfredSpellman,7.8
RayCooper,8.6
OliviaHarrison,8.6
JonKamen,8.6
ReinierWissenraet,7.0
EitanEvan,7.5
BarbaraBroccoli,8.0
RobertGuédiguian,6.2
DominiqueBarneaud,6.2
NicolasBlanc,6.2
BlancheGuichou,6.2
GlennRudolph,6.0
JoanneWeiss,6.0
JeroenBeker,7.1
SanFuMaltha,7.1
FransvanGestel,6.5
MinoruTakanashi,7.1
YoshimiAsari,7.1
AndersBirkeland,7.5
AlfonsoCuarón,7.5
GuillermodelToro,6.8
IsabelDávalos,6.8
MelanieCoombs,8.05
TendekaMatatu,6.0
SpikeJonze,7.6
SidneyKimmel,7.3999999999999995
ZoranCvijanovic,8.4
MicheleArmour,7.25
ViolaJäger,7.0
HaraldKügler,7.233333333333333
MollyvonFürstenberg,7.233333333333333
TezaLawrence,7.4
AndreaMann,7.4
MichaelSouther,7.4
DeborahDelPrete,7.5
GigiPritzker,7.5
TrevorHaysom,7.6
WillieChan,7.0
SolonSo,7.0
BarbieTung,7.0
"""MeghanOHara""",7.9
Sung-HunLee,8.1
NicholasD.Wrathall,8.4
RichardBrown,8.299999999999999
CindyBurnay,8.4
CyndiRhoades,8.4
MikeDrake,8.2
Jean-LucMichaux,7.7
JanineJackowski,7.2
KarenS.Shapiro,7.1
RichardShaw,7.1
GreggHoffman,7.6
AlejandroSoberónKuri,7.9
AllanNiblo,7.3
JamesRichardson,7.3
MarkHuffam,7.3
MikeMcGeagh,7.3
KazuoKishino,6.9
AkiraNagamatsu,6.9
MarekRozenbaum,7.9
DenisCarot,7.9
MarieMasmonteil,7.9
NatashaMcLeod,7.6
ThomasHeinesen,7.0
JamesSchamus,7.7
PaulAckerley,6.6
JordyRandall,6.6
JaneKachmer,7.9
ZhuZhu,8.4
TeunHilte,7.7
GianlucaArcopinto,6.2
AndreaOcchipinti,6.2
ChrisMartin,8.2
JacobVaughan,5.8
YaelMelamede,4.9
NormaJeanStraw,4.9
Wi-jinKim,5.9
SusanWest,7.3
DallasBrennan,7.4
StephenWinter,7.1
HaniSalama,7.6
RosadelVarela,7.6
DouglasJackson,6.9
AmitBreuer,7.9
EdnaKowarsky,7.9
ElinorKowarsky,7.9
ClaudiaSteffen,7.0
MichaelTollin,7.3
BrianRobbins,7.3
SophoklesTasioulis,7.45
AlixTidmarsh,8.0
MatildeBernabei,7.0
LucaBernabei,7.0
NatanBitman,7.8
CyriacAuriol,7.6
AliRezaShoja-Nuri,7.6
JohnKayeCooper,8.4
AnnieCrofts,8.4
OsnatShurer,7.433333333333334
MarkVictor,6.8
JeffChamberlain,6.8
StinHansen,6.8
EmilyPearson,6.8
DanUrness,6.8
JessicaPope,7.6
MargaretBodde,7.8
AlexGibney,7.8
JackGulick,7.8
MartinLehwald,7.3
V.R.Nayak,8.3
DevidasBapat,8.3
RajanCheulkar,8.3
DeepakChoudhary,8.3
NareshchandraJain,8.3
LucyFisher,7.4
StevenSpielberg,7.4
FrançoisGonot,6.7
JeremyCoon,6.6
RoyConli,7.7
HalLieberman,7.1
LaurenLevine,7.1
NormanGolightly,7.6
AndreasGrosch,7.65
ChrisRoberts,7.6
PhilippeRousselet,7.55
Samir,7.0
WernerSchweizer,7.3
DanielDelume,7.9
ArindamMitra,8.5
DietrichKluge,7.5
JuttaLieck-Klenke,7.5
RandolYe,5.4
PierreEven,7.9
JonathanKisch,6.9
ElizabethAvellan,8.0
SanpingHan,7.2
GáborKálomista,6.3
OlivierDelahaye,7.1
GuidoCerasuolo,6.7
WilantBoekelman,6.4
JanvanderZanden,6.4
MotooKawabata,6.4
TakayukiNitta,6.4
AtsushiSato,6.4
DavidL.Ford,5.3
"""RaymondOLeary""",5.3
MarcTurtletaub,7.35
SammyLee,7.4
MichaelA.Pierce,7.4
BrettRatner,7.4
FlorianKoernervonGustorf,5.9
KojiYoshizawa,6.2
TarôNagamatsuya,6.2
ArishigeShimomura,6.2
MasahikoTan,6.2
QuirinBerg,8.4
MaxWiedemann,8.4
TomRosenberg,8.1
SteveMatzkin,7.7
RickRoss,7.65
RonnieScrewvala,7.8999999999999995
GrahamLeader,8.0
AdemirKenovic,7.6
JaimeBernardoRamos,7.3
FridaTorresblanco,7.75
ChristianValdelièvre,7.3
BradGrey,8.5
YukinaoShimoji,6.5
TimurSavci,7.6
AntoninSvoboda,7.5
Su-yeongChoi,7.2
Hoon-takJung,7.35
DanielleNa,6.8
VerneNobles,6.8
Myeong-hongSeok,7.25
ThomasLangmann,7.5
AndréRouleau,7.5
MaximeRémillard,7.5
GaryHannam,7.8
GasparePalumbo,7.4
KazutoTakida,7.7
KazutoshiWadakura,7.7
JasonKliot,7.25
JoanaVicente,7.25
StevenHoban,7.5
MarcyPage,7.5
MarkSmith,7.5
MarcelJean,7.1
GinaKwon,7.0
WillSmith,7.3
JamesLassiter,7.633333333333333
JoePichirallo,7.3
LaurenShulerDonner,7.3
LettyAronson,7.6
GarethWiley,7.6
MarkCanton,7.7
MarcMissonnier,7.1
BrianBell,7.5
JennySchweitzer,7.5
LeslieUrdang,7.5
JamesFlynn,7.8
JuanitaWilson,7.8
FabioConversi,6.7
MieAndreasen,7.8
AnantSingh,7.6
HelenaSpring,7.6
MichaelFitzgerald,7.4
Pierre-AngeLePogam,7.4
MarkHerbert,7.65
GregDummett,7.1
MadeleineHenrié,7.1
FloydMitchell,6.6
RandiRichmond,7.5
MarioGianani,7.0
MarikaKocaba,7.8
MarissaCollyer,7.8
PippaCross,7.7
ToddEckert,7.7
OrianWilliams,7.7
ChrisBrown,7.4
ChiaraMenage,7.4
"""JackieOSullivan""",7.4
ErolAvci,7.4
JohnScheinfeld,7.9
RichardWaltzer,7.9
SophieBalhetchet,6.8
AndroSteinborn,6.8
BarnabyThompson,6.8
TudorGiurgiu,7.6
MichelReilhac,6.9
JérômeClément,6.9
JordanSchlansky,8.4
KeungChow,7.1
HengamehPanahi,7.1
ZhonglunRen,7.199999999999999
BabakAmini,8.1
HamidKarimBatinGhobadi,8.1
HamidGhavami,8.1
MarinaGefter,7.0
DennyCordell,7.1
IrajTaghipoor,7.7
TrevorDavies,7.3
LeslieHills,7.3
StefanTolz,7.3
SylvieCazin,6.9
TineGrewPfeiffer,6.6
MargaretFink,7.3
EmileSherman,7.3
MosesEdinborough,8.5
JustinRodgersHall,8.5
RobertKravis,7.7
ChristopherEberts,7.7
KiaJam,7.7
SinanÇetin,8.2
KentonAllen,7.5
MiaBays,7.35
Jean-LucVanDamme,6.5
KrzysztofZanussi,7.1
IwonaZiulkowska-Okapiec,7.1
RichardBartonLewis,7.5
ErikNelson,7.8
DavidO.Sacks,7.6
SaraMaher,9.2
RicardoParada,6.7
RobertEzrin,6.9
RichKleiman,6.9
JustinWilkes,6.9
RyoichiFukuyama,7.6
HiroyukiTaniguchi,7.6
EricManes,6.5
YvesJ.Ma,6.9
ErikPaulsson,6.9
ShanTam,6.9
AndrewA.Kosove,7.3
BroderickJohnson,7.3
SamaraYeshaiek,5.1
MuriloSalles,6.8
PhilippeMartin,6.25
GéraldineMichelot,6.0
JeremyDawson,7.8
StephanSchesch,7.6
CeriBarnes,6.7
PhilBenson,7.5
JoachimOrtmanns,6.8
NechamaGoldstein,7.3
MohiuddinAhmed,7.3
AvniAhmetaj,7.3
SophieBarry,7.3
RebeccaHobbs,7.4
DarlaK.Anderson,8.3
HenryS.Rosenthal,7.9
GerdHaag,8.1
MiguelArteta,6.7
KarinChien,6.7
MatthewGreenfield,6.7
SusannahShipman,8.0
LaurenceBraunberger,7.3
LilaYacoub,7.8
WeipingZhang,7.3
JianXiu,7.3
BobSwererSr.,8.100000000000001
DavidWelch,7.3
MarkAmin,7.3
RobinSchorr,7.3
KaoruMfaume,7.2
CeliaMoore,8.2
JacquelineSoohen,7.4
Kuo-FuChen,7.2
RickFuller,7.9
GrantBranton,7.4
SallyOldfield,7.4
JohnPayne,7.4
MinamiIchikawa,7.9
ShinHoriguchi,7.9
BrianKoppelman,7.6
DavidLevien,7.6
JulesDaly,7.5
DedeGardner,7.5
RidleyScott,7.5
MikeMedavoy,7.85
BradleyJ.Fischer,7.7
Jussi-PekkaKoskiranta,7.5
PernillaSandström,7.5
MatthewGross,7.3
MarcPlatt,7.65
EricGitter,7.5
BarrySilverthorn,7.5
SaraColleton,7.5
Jean-FrançoisFonlupt,7.5
MornaCiraki,7.5
RyanHowe,7.5
ArturoMuyshondt,7.5
DonEarly,7.4
TishLopez,7.4
JeffMadsen,7.4
RiinaSildos,7.2
KalevTamm,6.800000000000001
HenningFerber,6.5
SebastianZühr,6.5
GinaCarter,7.5
JessicaDaniel,7.5
DavidT.Friendly,7.8
DanieleMazzocca,7.8
AlainGoldman,7.6
GillianGorfil,8.0
D.J.Paul,7.3
TedSarandos,7.15
Yeong-wookJo,7.6
J.J.Harris,7.6
AnneClements,7.0
SurinderKapoor,6.6
SeanBailey,7.6
MichaelMcMahon,7.2
LizWatts,7.2
RowanAthale,6.8
PatriciaHeaton,7.4
DavidHunt,7.4
TerrenceMalick,7.4
GilNetter,7.75
DavidWomark,7.9
AndreMorgan,6.8
ToddBlack,7.599999999999999
JasonBlumenthal,7.599999999999999
LisaBryer,7.7
KendrickHudson,5.2
"""StephenLHeureux""",5.2
GiorgioMagliulo,7.4
AndreaCostantini,7.4
CarloDegliEsposti,7.4
KazuoShimizu,6.9
EugeneLee,7.6
Myeong-chanPark,7.6
HenryFong,6.6
JianxinHuang,6.6
DanielToll,5.1
ÁlvaroAugustin,7.8
SisseGraumJørgensen,7.7
SandraHarzer,7.9
ChristianKux,7.9
KlausMaeck,7.9
AndreasThiel,7.9
WaldemarDziki,7.0
TomaszKurzewski,7.0
DorotaMichalak-Kurzewska,7.0
Wen-YingHuang,7.0
Ching-SongLiao,7.0
HannekeNiens,5.8
AntonSmit,5.8
FranciscoVilla-Lobos,7.0
MartinCichy,6.5
AxelMöbius,7.2
ChristophThoke,7.2
MiyoshiKikuchi,7.2
RikunZhu,6.5
AlexandraKordes,7.4
MeikeKordes,7.4
SkuliFr.Malmquist,7.8
ThorSigurjonsson,7.8
DanaIonica,5.7
JeffEline,6.2
GillHolland,6.2
LillianLaSalle,6.2
ChristineLangan,7.4
MichaelMosca,7.3
BedfordT.Bentley,7.0
PradipGhosh,7.0
JoaquínPadró,7.4
MarTargarona,7.4
NicolasAltmayer,7.35
ManuelAlduy,7.1
EricAltmayer,7.35
PéterReich,7.5
IvánAngelusz,7.5
MathieuKassovitz,7.5
SusanJohnson,5.7
GiorgosLykiardopoulos,6.1
JaleOnanc,6.1
MasonNovick,7.4
FrancescoCattini,4.6
DirkImpens,5.8
SusanCorbin,7.8
YûjiSadai,7.5
JuliaLucas,7.8
DanielLupi,8.1
AllonReich,7.7
DeborahJones,6.9
LeeSupercinski,7.7
ClaudiaKatz,7.7
AbolhassanDavoodi,7.2
LaszloBarna,7.5
MichaelCarp,6.3
MurrayOrd,7.7
TomCox,7.7
CraigMcNeil,7.7
TomHanks,7.7
IlonaHerzberg,7.7
RodrigoGuerrero,7.2
SimonCooper,8.1
JulietteLarthe,8.1
NickMorris,8.1
DiegoDubcovsky,6.9
JoséMaríaMorales,6.9
MarcSillam,6.9
DarinHenry,7.6
MorganSackett,7.6
ClausBoje,7.1
KulnoLuht,7.7
Eun-haLee,7.7
Sang-hoChoi,7.7
Sang-yongJi,7.7
AndreSikojev,6.9
SukruAvsar,8.3
MalgorzataKidawa-Blonska,7.0
SusannRüdlinger,6.7
CharlesdeMeaux,7.5
AshwinPatel,7.8
NicolasDuvalAdassovsky,6.85
EldaGuidinetti,7.4
AndresPfäffli,7.4
MichaelWeber,7.4
ArthurReinhart,7.3
HelmutGrasser,7.6
BrunoChiche,6.8
ChristianDavi,7.6
ChristofNeracher,7.6
SimoneMagalhãesMatos,7.1
ShaunMurphy,6.9
BaronDavis,6.9
JesseDylan,6.9
CristinaHuete,6.6
AlisonEllwood,7.6
EvaOrner,7.6
RaymondLee,7.1
TommyMeans,7.2
WernerDütsch,6.9
AndyGordon,7.2
ChristosMichaels,7.2
EduardoCarneros,7.2
EstebanIbarretxe,7.2
JavierIbarretxe,7.2
JohnDiaz,9.0
KevinWall,9.0
JosephM.Wilcots,9.0
AaronRyder,8.5
EnmaMaekawa,7.1
MayumiAmano,7.1
HanakoKasumizawa,7.1
KumiKobata,7.1
"""NickOHagan""",5.9
DanielLaikind,7.8
MandyStein,7.8
PaxWassermann,7.8
R.J.Mangone,8.3
AngelosArgyroulis,8.0
IoannaDavi,8.0
DimitrisXenakis,8.0
HirooMaruyama,7.4
KristinaLarsen,5.8
ElizabethRose,7.2
LorenzodiBonaventura,7.6
MichaelDreyer,7.6
FerdiEgilmez,4.2
StephenFossatti,6.5
CharlesWeinstock,7.2
ChikahiroAndo,7.7
KeiichiroMoriya,7.7
JonDoran,7.5
JessieDeeter,7.7
JackBinder,7.4
RandallEmmett,7.1
HubertNieuwendijk,5.8
PieterKlapwijk,5.8
DennisLaw,7.4
MichaelPellerin,8.5
PeterJackson,8.5
JonMefford,8.5
KevinLeeMiller,8.5
MelinaMcKinnon,7.3
KôjiHoshino,7.0
ToshihiroSatô,7.0
ToshiieTomida,7.0
SylviaAbreu,6.1
BertHamelinck,6.9
KatoMaes,6.9
FrankVanPassel,6.9
MilanSvatos,7.1
ViktorMayer,7.1
MiloslavSpála,7.1
Chun-yeongLee,7.1
StephenAbrahams,8.5
ChristianFredrikMartin,5.8
AsleVatn,5.8
AnilShah,7.3
FrançoisKraus,6.65
DenisPineau-Valencienne,6.65
KeirdaBahruth,7.2
BettinaBrokemper,7.2
PhilippaKowarsky,7.15
JohannesRexin,7.2
SharonShamir,7.2
RaymondSteiner,7.0
IrfanÜnal,7.0
KeishiroShin,6.3
SatoshiTakei,6.3
TomRowe,7.6
LisaRichardson,7.6
DaveBecky,7.9
LaurenGray,7.9
EricD.Wilkinson,7.9
DavidLeaf,7.6
LeeJoo-Ick,7.3
Yong-dukKim,7.3
MichelDeKempeneer,6.6
ClaudeHaïm,6.6
DavidSilber,6.7
BillPohlad,8.1
GaryWinick,7.0
JakeAbraham,7.0
NancyIsrael,7.0
TakeshiMoriya,6.6
ToshinoriNishimae,6.6
Soo-hyunAhn,7.1
MarkusGlaser,7.6
MichaelKitzberger,7.6
AlbertLee,7.2
AlanClements,8.2
DeborahKidd,8.2
PierreKubel,5.8
Marie-CastilleMention-Schaar,5.8
JohnSingleton,5.5
SallyChomet,7.5
BobLast,7.5
SteveJames,7.3
NicolasSteil,6.5
UrsulaWolschlager,6.5
AnnieBrunner,7.5
AndreasRichter,7.5
UrsulaWoerner,7.5
MichelLitvak,7.8
JohnPalermo,7.8
GrahamBroadbent,7.9
PeterCzernin,7.9
AntonioCardenal,5.5
BobSwererJr.,7.4
CécileVacheret,6.9
NickQuested,7.3
JomonThomas,7.2
JonKatz,7.2
SofiaSondervan,7.2
RobbieBrenner,8.0
RachelWinter,8.0
LawrenceInglee,7.1
ZachMiller,7.1
ChrisGreen,7.4
NoahKhoshbin,7.4
SallyAyre-Smith,6.8
AndreaBuck,6.8
PiotrDzieciol,4.6
LiFang,7.1
NaiAn,7.1
MickyMcPherson,5.8
NigelThomas,5.8
GerardoBarrera,7.3
DamonLindelof,7.9
JoeFries,7.3
TakeshiSuzuki,6.9
AnnaCampeau,7.6
NiklasBäumer,6.5
AnkeHartwig,6.5
HollaceDavids,7.0
JocelynHayes,7.3
KevinTuren,7.3
JulieRyan,7.4
NelsonWoss,7.4
SarahAubrey,7.3
JohnCameron,7.3
JonathanDelGatto,7.6
GraceChapman,7.6
TimGoodchild,7.6
PetraGoedings,7.2
EmmaTillingerKoskoff,7.85
XavierRigault,8.0
Marc-AntoineRobert,8.0
"""ShinichirôInoue""",7.8
JungoMaruta,7.8
RobertCarrilloCohen,7.9
PamelaEdwardsMcClafferty,7.0
MarkMcClafferty,7.0
SamPinnell,7.95
JosefAichholzer,7.6
NinaBohlmann,7.6
BabetteSchröder,7.6
MichaelKlick,7.5
PaulGadd,7.5
SharltoCopley,7.4
SimonHansen,7.4
IdaDiBenedetto,6.9
StefaniaBifano,6.9
EstherCases,6.9
MatthewCooke,7.9
FrankDonner,7.9
HermasLassalle,7.9
MatthewLevin,8.15
ViktorGlukhov,5.8
AdamPray,8.2
MatthewBrown,7.6
SarahFeeley,7.6
JimGilliam,7.6
DevinSmith,7.6
AndreaAllen,8.0
KenBlancato,7.6
KarenRosenfelt,7.6
LarsBüchel,6.4
BerndT.Hoefflin,6.4
ShailendraSingh,6.5
DragosVilcu,7.7
JeanineRohn,4.1
YoshioYanagisaki,6.4
UgoTocci,4.2
TerrySpazek,6.6
NeilMeron,7.4
CraigZadan,7.4
PatrickGimenez,6.7
RomainLeGrand,6.7
VyacheslavTelnov,7.6
FundaAlp,6.7
RonkayArslan,6.7
A.TanerElhan,6.7
PhilCollinson,7.6
GeorgMisch,7.8
MartinRosenbaum,7.8
RalphWieser,7.8
JuddApatow,7.6
ShaunaRobertson,7.6
HananKattan,6.5
ThanassisKarathanos,7.0
RosaLi,7.0
MasaoTeshima,7.6
EiichiKamagata,7.6
NicholasdePencier,7.3
BonnieThompson,7.0
ShirleyVercruysse,7.0
Jin-aCho,6.9
BasilIwanyk,7.5
SybilRobsonOrr,7.3
JaimeRomandia,7.2
NormanTwain,6.9
HowardKaminsky,6.9
FrankPellegrino,6.9
DavidSnodin,7.5
BenjaminHerrmann,7.4
JamalSadatian,7.8
ImkoNieuwenhuijs,6.8
MaksimUkhanov,7.1
KevinFeige,8.0
FlávioRamosTambellini,7.0
LaurentLavolé,7.0
IsabellePragier,7.0
LarryFessenden,6.6
RogerKass,6.6
MikeS.Ryan,6.6
ClaudeWasserstein,6.6
TomSpiess,7.0
PippaHarris,7.9
ÖmerAtay,7.3
VincentWang,7.0
TakashiYajima,7.6
MarkUono,7.0
MartinCarr,6.8
NorihisaOki,8.0
FabianoGullane,7.4
JasonNewmark,6.9
BrianVolk-Weiss,6.7
ChristineCamdessus,7.4
LeahMallen,7.4
LukeMorris,7.2
LaurentTruchot,5.6
HiroakiMiki,7.5
ToshiyaNomura,7.5
TatBinhDang,6.8
JimThebaut,7.6
AndrewTamonNiwa,6.7
DavidPatterson,6.3
JessePrupas,6.3
GeorgeStelzner,6.3
HideakiKaneko,6.0
AkiraTakano,6.0
LiletteBotasi,7.9
SteveAlpert,7.7
DavidThion,6.5
JohnChong,7.3
YanmingJiang,7.3
ClaudineNougaret,7.7
IsabelleDegeorges,7.0
LionelloCerri,6.9
NicolasChartier,7.6
GregShapiro,7.6
KaraVallow,8.2
DavidViola,7.5
WillBattersby,7.5
ToryTunnell,7.5
AssafAmir,7.4
YoavRoeh,7.4
KristiinaPervilä,7.1
TedLeonsis,7.6
SteveBing,7.2
MichaelCohl,7.2
VictoriaPearman,7.2
ZaneWeiner,7.2
YannBrolli,7.4
FrédéricPodetti,7.4
BrianKnappmiller,6.8
LynnetteRamirez,6.8
KevinLeydon,6.2
MichaelKuhn,7.0
RomainBrémond,7.0
AndreaCornwell,7.0
Jae-WonChoi,7.3
WilliamFisch,6.1
LarryRattner,6.1
JohnC.Donkin,7.6
LoriForte,7.6
CarolynneCunningham,7.8
ClaireRudnickPolstein,7.4
ElisePearlstein,7.3
BiljanaPrvanovic,6.4
CarmenCobos,7.7
BillBrady,6.5
ChiaraTrento,6.5
ZuEscobar,7.2
MartinaNiland,7.8
StevenN.Bray,7.5
JustinAndersonSmith,7.1
JimMorris,8.4
MalcolmFaria,7.1
KateNoble,7.1
EileenHaag,7.8
IraLechner,7.8
CristinaLjungberg,7.8
GretchenWallace,7.8
JaneWells,7.8
LizGarbus,7.8
JennieAmias,8.2
AudreyMarrs,8.2
JessieVogelsonChilds,8.2
AlbieHecht,7.8
NedaArmian,7.1
VanessaRoth,7.7
MatthewSyrett,7.7
MarkRoybal,7.5
AleksiBardy,6.5
MoniqueBernard-Beaumet,5.6
EdCunningham,8.1
OttoMartini,7.1
DuncanCopp,8.0
HildeDeLaere,7.3
LeoClarke,8.6
UljanaKim,7.0
WillPacker,6.3
PeterD.Hutchison,6.4
StaceyOffman,6.4
MorganSpurlock,6.4
J.D.Disalvatore,7.7
JordanWynn,7.5
KatherineSarafian,7.9
ScottFranklin,8.0
TomdeMol,5.7
FinnGjerdrum,7.6
SteinB.Kvae,7.6
JugangYan,7.2
ThomasJanze,7.2
PeterBouckaert,7.4
MariaFlorio,7.3
MollyLynch,7.3
RogerM.Mayer,7.3
KevinRagsdale,7.3
MartinScorsese,7.3
SarahFerguson,7.3
TimHeadington,7.4
SarahGibson,7.5
DorothyAufiero,7.8
SkotBright,8.6
GeorgeDrakoulias,8.6
JohnnyDepp,7.5
PanosPapahadzis,5.2
DavidBroome,7.0
PabloSalomon,6.5
CatherineBarra,6.5
PierreRambaldi,6.5
GonzaloRodríguezBubis,6.5
SergeDenis,6.3
FrankPace,6.4
RedmondMorris,7.6
DonnaGigliotti,7.6
AnthonyMinghella,7.6
JuliaTitze,7.2
RomyAlford-Sancto,7.7
JinHoChung,7.6
PaulaDevonshire,6.7
AriLantos,6.7
JuliaRosenberg,6.7
RobinGutch,7.6
LauraHastings-Smith,7.6
JebBrody,7.3
LisaMuskat,7.3
RonFrench,7.6
RizaAziz,8.2
JoeyMcFarland,8.2
PauloNetto,7.4
AmySlotnick,7.4
ColinWilson,7.2
IvanOrlic,7.2
KimRoth,7.2
