JohnBoland,7.3
BryanForbes,7.366666666666667
GrigoriyKoltunov,7.9
ValeriOsipov,7.9
ViktorRozov,7.9
HansRuesch,6.9
FrancoSolinas,7.449999999999999
BaccioBandini,6.9
PaulGégauff,7.220000000000001
PierreGascar,7.7
JeanRedon,7.7
PierreBoileau,7.7
ThomasNarcejac,7.7
ClaudeSautet,7.7
FrançoisTruffaut,7.9
ClaudeChabrol,7.9
TonSatomi,8.1
KôgoNoda,8.033333333333333
RichardGregson,7.2
I.A.L.Diamond,7.62
ElioBartolini,7.9
ToninoGuerra,7.613636363636363
DorothyKingsley,6.3
CharlesLederer,7.05
AbeBurrows,6.75
RafaelAzcona,7.455555555555555
AlunOwen,7.25
JimmySangster,6.575
HarrietFrankJr.,7.216666666666666
IrvingRavetch,7.216666666666666
WilliamInge,7.449999999999999
EnnioFlaiano,7.516666666666667
TullioPinelli,7.314285714285714
BrunelloRondi,7.625
PierPaoloPasolini,7.1
SinclairLewis,7.8
RobertCrichton,7.0
"""LiamOBrien""",7.0
TedSherdeman,7.0
WalterRoeberSchmidt,7.0
GilDoud,7.0
NedrickYoung,7.699999999999999
HaroldJacobSmith,7.699999999999999
JeromeLawrence,7.266666666666667
RobertE.Lee,7.266666666666667
UllaIsaksson,8.1
EijiShinba,6.9
ShûjiTerayama,6.9
WillardMotley,7.0
RobertPresnellJr.,7.0
WillisHall,7.1
WolfMankowitz,7.099999999999999
B.Traven,8.3
EmilioCarballido,8.3
WalterNewman,7.7
WilliamRoberts,7.6
AkiraKurosawa,7.539999999999999
WalterBernstein,7.7
ShinobuHashimoto,7.677777777777777
MarcelloCoscia,6.550000000000001
EnnioDeConcini,7.35
MarioSerandrei,7.2
NikolayGogol,7.2
GeorgeHiggins,7.2
EttoreScola,7.38
AgenoreIncrocci,7.499999999999999
FurioScarpelli,7.41764705882353
SergioPugliese,7.2
SandroContinenza,7.266666666666667
SamiranDutta,7.9
ShaktipadaRajguru,7.9
RabindranathTagore,7.949999999999999
AlfredHayes,6.3
TheodoreH.White,6.3
Aman,7.800000000000001
KamalAmrohi,8.3
EhsanRizvi,8.3
WajahatMirza,8.3
PeterDeSarigny,7.1
AlunFalconer,7.1
JerzyAndrzejewski,7.4
JerzySkolimowski,7.45
RyûzôKikushima,8.085714285714285
LeoMarks,7.4
JeromeRobbins,7.35
J.M.Barrie,7.35
,7.371620795107031
PatriciaHighsmith,7.533333333333334
JosephStefano,8.5
RobertBloch,8.5
NigelBalchin,6.5
JeffreyDell,6.9
EnricoMedioli,7.757142857142857
"""SusoCecchiDAmico""",7.612500000000001
VascoPratolini,7.95
PasqualeFestaCampanile,7.425
MassimoFranciosa,7.220000000000001
DaltonTrumbo,7.65
HowardFast,7.9
PeterUstinov,7.9
CalderWillingham,7.833333333333333
LowellS.Hawley,6.85
JohannDavidWyss,7.2
JuliusJ.Epstein,6.625
HowardLindsay,7.0
RusselCrouse,7.0
HowardNemerov,6.0
HeinzOskarWuttig,7.0
JanFethke,7.0
NorbertJacques,7.0
DavidDuncan,7.6
H.G.Wells,7.6
DavidGoodis,7.5
MarcelMoussy,7.2
JoséGiovanni,7.75
JeanAurel,7.7
JamesKennaway,7.5
RodolfoSonego,7.083333333333335
UgoGuerra,7.3
StirlingSilliphant,6.76
RonaldKinnoch,7.3
JohnWyndham,7.3
VéraClouzot,7.6
SimoneDrieu,7.6
MichèlePerrein,7.6
JérômeGéronimi,7.6
ChristianeRochefort,7.6
HideoOguni,8.26
EijirôHisaita,8.3
SergioCitti,7.8
NelKing,7.0
PaulJarrico,7.0
WilliamShakespeare,7.282608695652173
AlainRobbe-Grillet,7.199999999999999
ValentineDavies,6.3
HalKanter,6.75
VeraCaspary,6.3
LucianoVincenzoni,7.760000000000001
JackPulman,6.35
WaldoSalt,7.699999999999999
StuartDouglass,7.2
TrumanCapote,7.316666666666666
GeorgeAxelrod,7.800000000000001
CharlesKaufman,7.1
GwendolenTerasaki,7.1
MichelAudiard,7.233333333333334
AlbertSimonin,7.5
LillianHellman,7.3
JohnMichaelHayes,7.8
AlbertoMoravia,7.540000000000001
CesareZavattini,7.324999999999999
Jean-PaulRappeneau,7.0
FrantisekA.Dvorák,7.6
MilosVáclavKratochvíl,7.6
AlfredTechnik,7.6
DaniilKhrabrovitsky,7.6
PierreLesou,7.8
AlistairMacLean,7.6
CarlForeman,6.233333333333333
LeifPanduro,7.4
SidneyCarroll,8.0
WalterTevis,8.0
HenryJames,7.366666666666666
JohnMortimer,7.8
WilliamArchibald,7.8
AbbyMann,7.5
MontgomeryClift,8.2
Henri-PierreRoché,7.25
JeanGruault,7.4799999999999995
KaarloNuorvala,7.55
MikaWaltari,7.55
PhilipYordan,7.0
RayBradbury,7.266666666666666
BillRichmond,6.4
MelBrooks,6.4
JaroslawIwaszkiewicz,7.6
TadeuszKonwicki,7.7
AgathaChristie,7.466666666666666
DavidD.Osborn,6.800000000000001
DavidPursall,7.25
JackSeddon,7.25
DwightHauser,7.0
RalphWright,7.65
WinstonHibler,7.0
JamesOliverCurwood,7.0
ZenzôMatsuyama,8.45
KôichiInagaki,8.8
JumpeiGomikawa,8.8
JackRose,6.5
FerencMolnár,7.9
JoséLuisColina,8.0
JoséLuisFont,8.0
JimmyCannon,7.2
HarryTugend,7.2
RobertRiskin,7.2
DamonRunyon,7.2
LorraineHansberry,8.0
RonaldAlexander,5.9
GraceMetalious,5.9
TennesseeWilliams,6.5
GavinLambert,6.3999999999999995
JanRead,6.9
KonstantinBrovin,8.1
EmilBraginskiy,7.866666666666667
DorisHume,6.4
MasatoIde,8.024999999999999
MasayaMaruyama,7.5
GenevièveCluny,7.5
JanetGreen,7.7
JohnMcCormick,7.7
JulioAlejandro,7.8999999999999995
BenitoPérezGaldós,7.85
ErnestLehman,7.833333333333333
ArthurLaurents,7.3
MykhailoStarytsky,8.0
TarashankarBanerjee,8.0
AllenDrury,7.7
WendellMayes,6.9
MórJókai,6.7
LouisO.Coxe,7.8
RobertH.Chapman,7.8
HermanMelville,7.6
DeWittBodeen,7.8
RobertRossen,7.8
GuyTrosper,7.699999999999999
ThomasE.Gaddis,7.8
MiguelTorres,7.0
JohnD.MacDonald,7.5
JamesR.Webb,7.0
ToshioYasumi,7.1
JackDavies,6.2
HenryBlyth,6.2
J.P.Miller,7.9
AntoineTudal,7.8
BernardEschassériaux,7.8
AlfredoGiannetti,8.1
BrunoCorbucci,6.949999999999999
GiovanniGrimaldi,7.033333333333334
JohnPatrick,7.2
A.J.Russell,7.2
FrankTashlin,7.35
YasuhikoTakiguchi,8.55
VladimirBogomolov,8.1
MikhailPapava,8.1
AndreyKonchalovskiy,8.149999999999999
KeithWaterhouse,7.4
StanBarstow,7.4
LillieHayward,7.2
RobertaHodes,7.2
AlbertPaysonTerhune,7.2
T.E.Lawrence,8.3
RobertBolt,7.76
MichaelWilson,8.15
VladimirNabokov,7.233333333333334
JamesB.Harris,7.6
AlanSillitoe,6.949999999999999
EdwardAbbey,7.6
CorneliusRyan,7.6
JamesWarnerBellah,8.1
WillisGoldbeck,8.1
DorothyM.Johnson,8.1
RichardCondon,7.9
AlfioValdarnini,7.4
WilliamGibson,8.1
HelenKeller,8.1
JakubGoldberg,7.5
AmbroseBierce,7.85
MartialMatthieu,7.0
DiasGomes,8.3
GianniAmico,7.0
CarloBernari,7.6
N.B.StoneJr.,7.5
ShûgorôYamamoto,7.76
Jean-PaulSartre,6.8
RuggeroMaccari,7.575
UmanathBhattacharya,7.6
RadheshyamJhunjhunwala,7.6
ElwoodUllman,6.4
NormanMaurer,6.4
HarperLee,8.3
HortonFoote,7.766666666666667
VittorioMetz,6.6
MarcelloFondato,7.1
RobertoGianviti,6.916666666666667
MarcelSacotte,8.0
HenryFarrell,7.3999999999999995
LukasHeller,7.75
MinoruInuzuka,7.366666666666667
KanShimozawa,7.385714285714286
LuisAlcoriza,8.1
OttieroOttieri,7.9
DaphneDuMaurier,7.5
EvanHunter,8.1
NateMonaster,5.9
JohannaHarwood,6.550000000000001
MortLachman,5.4
BillLarkin,5.4
TalbotRothwell,6.566666666666666
SidneyGreen,6.4
RichardHills,6.4
JaroslavPapousek,7.35
PeterStone,7.733333333333333
MarcBehm,6.550000000000001
FulvioGiccaPalli,7.2
UgoLiberatore,7.1
IwaoYamazaki,6.8
HaruhikoÔyabu,6.8
TerrySouthern,7.666666666666667
PeterGeorge,8.2
PierreDrieuLaRochelle,8.0
GiuseppeTomasidiLampedusa,8.0
PaulBrickhill,8.2
JamesClavell,8.2
W.R.Burnett,8.2
NelsonGidding,7.35
ShirleyJackson,7.5
HenrikIbsen,7.25
EvaLeGallienne,7.1
PhilipH.ReismanJr.,7.1
LarryMcMurtry,7.866666666666667
BellaBilla,7.3
EduardoDeFilippo,7.4
IsabellaQuarantotti,7.3
AlexandreBreffort,7.4
DavidR.Schwartz,5.4
LeoKatcher,5.2
WilliamRose,7.65
TaniaRose,7.5
BeverleyCross,7.3
ApolloniosRhodios,7.3
CatherineVarlin,8.0
KaneoIkegami,6.875
AlekosGalanos,8.1
LynneReidBanks,7.3
NarendranathMitra,8.3
Longus,6.8
KostasSfikas,6.8
Theokritos,6.8
VasilisVasilikos,7.550000000000001
ElioPetri,7.5
JeanCayrol,7.3
KeijiHasebe,7.65
GyulaHernádi,7.080000000000001
JózsefLengyel,7.2
PierreCholot,7.8
FranzKafka,7.4
HaroldPinter,7.45
RobinMaugham,7.9
CarlReiner,7.0
LarryGelbart,7.0
RuthBrooksFlippen,5.9
BarbaraLuther,5.9
JamesPoe,7.366666666666667
AlexanderBaron,7.0
EdwardAnhalt,7.133333333333333
JayPressonAllen,7.083333333333333
GennadyShpalikov,7.5
SeijiHoshikawa,7.449999999999999
ReginaldRose,7.066666666666667
HorstBudjuhn,8.3
NikosKazantzakis,7.65
DanielBoulanger,7.0
AnneGolon,6.9
SergeGolon,6.9
ClaudeBrulé,6.9
FrancisCosne,6.35
DoloresHitchens,7.8
JeanAnouilh,7.8
LucienneHill,7.8
NikosFoskolos,7.5
PavelJurácek,7.2
RadovanKrátky,7.0
MilosMacourek,7.3999999999999995
FrantisekSmolík,7.0
MarcelJullian,7.279999999999999
GeorgesTabet,7.7
AndréTabet,7.7
EdgarAllanPoe,6.975
TadMosel,7.300000000000001
SemyonLungin,8.1
IlyaNusinov,8.1
EugeneBurdick,7.65
HarveyWheeler,7.65
ErnestK.Gann,6.9
HaroldMedford,6.9
BorisPasternak,8.15
HjalmarSöderberg,7.4
"""EdnaOBrien""",7.1
BerkelyMather,7.7
RichardMaibaum,7.7
PaulDehn,7.65
IanFleming,7.85
RobertHolles,7.1
MarshallPugh,7.1
C.M.Pennington-Richards,7.1
ArianeMnouchkine,7.1
OctaveMirbeau,7.5
Jean-ClaudeCarrière,7.633333333333334
JiríBrdecka,7.5
YôkoMizuki,8.0
LafcadioHearn,8.0
AndreyDeColigny,5.2
RemigioDelGrosso,5.733333333333334
JeanVelter,5.2
WinstonGraham,6.800000000000001
BillWalsh,7.8
DonDaGradi,7.8
P.L.Travers,7.8
PieroDeBernardi,7.193333333333334
RenatoCastellani,7.5
LeonardoBenvenuti,7.193333333333334
AlanJayLerner,7.8
GeorgeBernardShaw,7.8
RobertoDeLeonardis,7.366666666666667
Jean-LouisRichard,7.5
AdrianoBolzoni,7.133333333333333
MarkLowell,8.0
VíctorAndrésCatena,8.0
JaimeComasGil,8.0
ErnestD.Glucksman,6.9
MarkMcShane,7.15
GiuseppeBarilla,7.2
MaryArden,7.2
SydneyBoehm,6.550000000000001
WinfredVanAtta,6.7
WilliamPeterBlatty,7.75
HarryKurnitz,7.55
MarcelAchard,7.5
PeerGuldbrandsen,6.0
ErikCharell,6.8
EnriquePinedaBarnet,8.2
EvgeniyEvtushenko,8.2
BillS.Ballinger,6.6
KôbôAbe,7.675
EikoYoshida,8.5
WilliamSargentJr.,8.4
IvanChendej,8.0
MikhayloKotsyubinsky,8.0
KeiichiAbe,7.7
"""GinichiKishimoto""",7.7
EizaburoShiba,7.65
IanNiall,6.5
GwenDavis,7.0
BettyComden,7.0
AdolphGreen,7.0
JohnPrebble,7.7
ImreVadász,7.6
JanProcházka,7.633333333333334
RumerGodden,5.9
LeoTownsend,5.7
MarkRascovich,7.4
CharlesM.Schulz,8.25
RichardJessup,7.3
RingLardnerJr.,6.65
GiovanniGuareschi,7.0
RenéBarjavel,6.3
NortonJuster,7.5
TrevorDudleySmith,7.5
JeanBruce,6.35
PierreFoucaud,5.6
JeanHalain,6.55
ArthurA.Ross,7.2
RayRigby,7.9
R.S.Allen,7.2
KeiHattori,7.2
AiKennedy,7.15
KinyaNaoi,7.2
AgnetheThomsen,5.2
PremendraMitra,7.8
DiegoFabbri,6.9
RaymondFridayLocke,6.4
BillySprague,6.4
JeanMarsan,6.8
HeinrichBöll,6.95
LadislavGrosman,8.3
YuriKhanyutin,8.2
MayaTurovskaya,8.2
YakovKostyukovskiy,8.533333333333333
MorisSlobodskoy,8.533333333333333
MauriceFabre,6.3
M.Andriard,6.3
GeorgesBardawil,6.3
JamesHadleyChase,5.75
GeorgesKeller,6.9
ElizabethKata,8.0
MortonS.Fine,7.7
DavidFriedkin,7.7
EdwardLewisWallant,7.7
FernandoDiLeo,6.783333333333334
FulvioMorsella,7.9
SergioDonati,7.533333333333334
"""EnzoDellAquila""",8.3
RémoForlani,7.6
LionelWhite,7.6
TadeuszKwiatkowski,7.9
JanPotocki,7.9
GérardBrach,7.662500000000001
DavidStone,7.7
HubertMonteilhet,7.1
IvanDrach,7.1
WilliamH.Wright,7.2
AllanWeiss,7.2
HarryEssex,7.2
TalbotJennings,7.2
MariavonTrapp,8.0
GeorgeHurdalek,8.0
JohnleCarré,7.6
YôjirôIshizaka,7.2
ToshirôIshidô,7.6000000000000005
RumikoKora,7.2
LouisPelletier,6.9
PaulAnnixter,6.9
YoshioShirasaka,7.5
ShuntarôTanikawa,7.8
NattoWada,7.8
FranklinCoen,6.65
FrankDavis,7.8
RoseValland,7.8
AntonijeIsakovic,7.8
LiKuero,8.2
"""ChengenWu""",8.2
GiampieroBona,7.2
LeoTolstoy,8.25
VasiliySolovyov,8.25
ToshiyaFujita,7.2
YukioMishima,7.5
ErnestoGastaldi,6.5875
LucianoMartino,6.2
LewisE.Ciannelli,6.95
JulioCortázar,7.4
EdwardBond,7.466666666666666
AngelinoFons,7.6
KaizanNakazato,8.0
RobertGuenette,5.8
PaulThomas,5.8
PeterFrancke,5.8
CatherineVimenet,6.8
FrancoRossetti,7.15
PieroVivarelli,7.3
GeoffreyCopleston,7.3
Dr.Seuss,7.733333333333334
IrvSpector,7.9
BobOgle,8.3
DavidRudkin,7.2
HelenScott,7.2
BillNaughton,7.3
RobertWesterby,6.2
RobertT.Reilley,6.2
FrancoCastellano,5.6
WillibaldEser,5.6
GiuseppeMoccia,5.6
DanièleThompson,7.283333333333334
LeslieGilliat,5.9
IvorHerbert,5.9
RonaldSearle,5.9
TitusPopovici,7.92
JacquesRémy,7.9
GeorgeBradshaw,7.6
GiuseppeMangione,6.800000000000001
FlorenceMontgomery,7.7
LuciaDrudiDemby,7.7
AkiyukiNosaka,7.9
KojiNumata,7.3
MitsutoshiIshigami,7.2
KanetoShindô,7.433333333333334
TakashiSuzuki,7.0
MargueriteDuras,6.699999999999999
JeanGenet,7.3
HarveyBullock,6.85
GuydeMaupassant,7.6
AlfredoL.DelCueto,7.7
RamónF.Suárez,7.7
ClintJohnston,7.3
DonPeters,7.3
PavelBlyakhin,7.4
SergeiYermolinsky,7.4
BohumilHrabal,7.550000000000001
LarryCollins,6.9
DominiqueLapierre,6.9
GoreVidal,6.9
FrancisFordCoppola,7.3
DenisDiderot,7.4
AlfonsoBalcázar,6.4
Homer,7.366666666666666
RichardMcKenna,7.6
RobertAnderson,7.6
LewisJohnCarlino,6.7
DavidEly,7.7
EsterKrumbachová,7.279999999999999
PeterAllanFields,5.8
SamRolfe,6.1000000000000005
DavidVictor,5.8
KnutHamsun,6.65
PeterSeeberg,7.9
YasunoriKawauchi,7.2
BlancheHanalis,7.333333333333333
JaneTrahey,7.4
DanteFerretti,7.4
PierreUytterhoeven,6.9
EdwardAlbee,8.0
ValentinEzhov,7.800000000000001
NatalyaRyazantseva,7.7
A.A.Milne,7.966666666666666
LarryClemmons,7.642857142857143
XavierAtencio,8.0
VanceGerry,7.660000000000001
NanbokuTsuruya,7.133333333333333
JosephKessel,7.949999999999999
JacquesVilfrid,6.233333333333333
BurtCole,5.6
DavidNewman,7.75
RobertBenton,7.75
RobertTowne,7.833333333333333
RichardLevinson,7.766666666666667
WilliamLink,7.766666666666667
DonnPearce,8.1
FrankPierson,8.05
HalDresner,8.1
StephenBecker,6.1
SaulLevitt,6.1
LawrenceB.Marcus,6.6
LouisC.Thomas,6.2
RolandGirard,6.2
JeanBolvary,6.2
NunnallyJohnson,7.8
E.M.Nathanson,7.8
LeighBrackett,7.966666666666666
HarryBrown,7.699999999999999
ManuelRuizCastillo,7.8
PedroBeltrán,7.8
LuisGarcíaBerlanga,7.8
TheoMariaWerner,5.9
LorenzoSempleJr.,7.1000000000000005
LarryForrester,5.8
LeslieCharteris,6.0
JohnKruse,6.0
HarryW.Junkin,6.0
AlessandroFerraù,5.3
TitoCarpi,5.95
JackieMoran,5.6
BuckHenry,7.85
CharlesWebb,8.0
ElmoreLeonard,7.233333333333333
IvanPasser,7.6
VáclavSasek,7.6
PeterDraper,6.3
JohnBall,7.0
SauroScavolini,6.74
GiovanniSimonelli,6.2
RudyardKipling,7.699999999999999
KenAnderson,7.475
AtsushiYamatoya,7.2
HachiroGuryu,7.4
TakeoKimura,7.4
ChûseiSone,7.4
BrankoVucicevic,7.133333333333333
CornellWoolrich,7.266666666666666
NobuoYamada,7.3
GeorgesBernanos,7.9
AugustoFinocchi,6.65
MassimilianoCapriccioli,6.1
AdrianoBaracco,7.1
ClaudeMagnier,7.35
JacquesLagrange,7.550000000000001
ArtBuchwald,7.9
AlexanderJacobs,6.95
DavidNewhouse,7.4
RafeNewhouse,7.4
DonaldE.Westlake,7.166666666666667
NormanBogner,6.9
JohnnySpeight,6.9
MarvinH.Albert,6.4
AndrzejMularczyk,7.9
JoanMcLeod,8.1
GeorgesPellegrin,8.1
EdgarDubrovsky,7.5
YuriKlepikov,7.433333333333334
BorisLavrenyev,7.5
AlbertCamus,7.449999999999999
GeorgesConchon,7.3
NecatiCumali,8.0
KemalInci,8.0
IsmetSoydan,8.0
BorisAleksandrov,7.5
LeonidYukhvid,7.5
RichardMorris,6.9
JohnO.Douglas,6.4
E.R.Braithwaite,7.7
AleksandrBorshchagovskiy,7.8
FredericRaphael,7.45
FrançoisBoyer,7.4
C.VirgilGheorghiu,7.4
FrederickKnott,7.8
RobertCarrington,6.8
Jane-HowardHammerstein,7.8
SeanGraham,5.5
PascalJardin,6.580000000000001
VahéKatcha,5.5
ArthurC.Clarke,8.3
MarilùParolini,7.300000000000001
SakariHaara,6.0
PenttiKotkaniemi,6.0
KariKyrönseppä,6.0
ClaudedeGivray,7.6
BernardRevon,7.6
SySalkowitz,5.3
JosefShaftel,5.55
AlecCoppel,6.5
DenisNorden,5.8
AlanTrustman,7.4
HarryKleiner,7.4
RobertL.Fish,7.4
WallaceMarkfield,5.7
HerbertSargent,5.7
JamesLee,6.3
JoelOliansky,6.3
DerekMarlowe,5.4
GeorgiPolonsky,8.0
DonaldCammell,5.8
HarryJoeBrownJr.,5.8
PierredelaSalle,5.8
HowardKoch,6.8
D.H.Lawrence,6.6
Jean-JacquesRousseau,6.3
DominiqueDuvergé,6.7
VittorianoPetrilli,7.7
MarioAmendola,6.7
JohnDavisHart,7.7
CarsonMcCullers,7.6
ThomasC.Ryan,7.6
GarryMarshall,6.0
JerryBelson,6.8
MurielResnik,6.0
StanleyShapiro,6.8
KarenBlixen,7.366666666666667
LouisedeVilmorin,7.1
BobFisher,5.7
ArthurMarx,5.7
GeorgeWells,5.7
FumioKônami,6.966666666666666
AkiraMurao,7.5
MichinoriFukao,7.6
MamoruSasaki,7.333333333333333
TsutomuTamura,7.32
KyûzôKobayashi,6.2
SusumuTakaku,6.75
RobertThom,5.9
EdwardDeBlasio,5.9
HugoButler,5.9
JeanRouverol,5.9
JamesGoldman,7.300000000000001
AlanWhite,6.8
CharlesWood,7.566666666666666
FrantisekPavlícek,7.949999999999999
VladislavVancura,7.6
"""GiuseppeDAgata""",7.1
SergioAmidei,7.366666666666667
EdmundoDesnoes,7.7
GiorgioArlorio,6.9
SergioSpina,7.2
JohnA.Russo,7.6
NeilSimon,7.0
M.R.James,7.6
ClasEngström,6.9
BengtForslund,6.9
LionelBart,7.4
VernonHarris,7.4
CharlesDickens,7.7
GeorgePlimpton,6.3
LawrenceRoman,6.3
TomWaldman,7.6
FrankWaldman,7.6
RodSerling,7.449999999999999
PierreBoulle,8.0
JohnT.Kelley,7.0
SergioCorbucci,6.8
FrancescoScardamaglia,7.15
FrancoBrusati,7.6
"""MasolinoDAmico""",7.6
IraLevin,7.75
MasahiroYamada,7.3
RyuseiHasegawa,7.0
SayatNova,7.7
AntonChekhov,7.0
MouraBudberg,7.1
LadislavFuks,8.0
FrankD.Gilroy,7.0
HermanRaucher,6.75
EleanorPerry,7.35
JohnCheever,7.7
ViktoriyaTokareva,8.1
MichelRivelin,7.7
JuliusSvendsen,8.0
KatsuyaSusaki,6.7
RogerMcGough,7.4
LeeMinoff,7.4
AlBrodax,7.4
JackMendelsohn,7.4
ErichSegal,7.4
IlyaIlf,8.350000000000001
YevgeniPetrov,8.350000000000001
DavidSherwin,6.949999999999999
JohnHowlett,7.6
EdgarWallace,6.3
LucioFulci,5.6
PaulHengge,6.35
RomanoMigliorini,5.6
GianbattistaMussetto,5.6
BridgetBoland,7.5
JohnHale,6.85
RichardSokolove,7.5
MaxwellAnderson,7.5
AbderrahmanCharkawi,8.2
HassanFuad,8.2
WilliamGoldman,7.699999999999999
DarioArgento,8.5
BernardoBertolucci,8.5
PierreBarillet,6.75
Jean-PierreGrédy,6.75
TomMcGowan,5.5
AugusteLeBreton,7.4
PierrePelegri,7.4
JamesBridges,7.1
D.F.Jones,7.1
JerzyJanicki,6.8
RobertoIrigoyen,7.6
JorgeZuhairJury,7.3
JosephHarrington,7.0
JeanItard,7.5
GeorgesGodefroy,6.8
YasushiInoue,7.1
TakeoKunihiro,7.1
Gholam-HosseinSaedi,8.1
JamesHilton,6.9
TerenceRattigan,6.9
KeiTasaka,7.4
SonglingPu,7.55
JorgeLuisBorges,7.1
AdolfoBioyCasares,7.3
TroyKennedy-Martin,7.449999999999999
BarryHines,7.95
TonyGarnett,7.9
VáclavKaplický,7.9
ErichKästner,6.8
JellaLepman,6.6
GenevieveYoung,7.1
A.MartinZweiback,6.6
JamesLeoHerlihy,7.8
CaroleEastman,7.05
AzumaMorisaki,7.0
NicholasBlake,7.8
PatrickHall,7.0
JohnMcGrath,7.0
JuanTébar,6.9
SantiagoMoncada,6.4
MarioMusyGlori,6.4
Petronius,6.550000000000001
BernardinoZapponi,7.220000000000001
KazuoFukazawa,6.7
HiroyukiKumai,6.7
OsamuTezuka,6.7
MickeyRose,7.3
HoraceMcCoy,7.9
RobertE.Thompson,7.9
CharlesPortis,7.4
MargueriteRoberts,7.4
FrancisGirod,6.9
JacquesRouffio,6.9
FredricBrown,7.2
JoséLuisMartínezMollá,6.9
MassimoCastellani,6.8
FrancoFerrari,6.8
WilliamBast,6.3
JulianMore,6.3
"""WillisH.OBrien""",6.3
DanielCohn-Bendit,6.0
SergioBazzini,6.2
GiorgioSalvioni,5.3
KarolSidon,7.3
WalonGreen,7.566666666666667
RoyN.Sickner,7.9
JorgeSemprún,8.100000000000001
BenBarzman,8.3
BrianClemens,6.949999999999999
TerryNation,6.6
SunilGangopadhyay,8.149999999999999
EricCleworth,7.533333333333334
FrankThomas,7.35
LiseLondon,7.9
ArturLondon,7.9
JaySimms,7.0
LeeKresel,8.0
GiorgioScerbanenco,6.866666666666666
AntoineBlondin,5.8
SueKaufman,7.0
ArtWallace,7.5
VladlenBakhnov,8.350000000000001
MahnahénVelasco,6.3
UtzUtermann,6.4
ErichvonDäniken,6.45
GordonMcDonell,5.9
GiorgiMdivani,7.4
ErnestGebler,6.9
UgoPirro,7.475
MinoRoli,6.1
OvidDemaris,6.1
IsraelHorovitz,6.1
MitchellGrayson,7.7
ElyA.Landau,7.7
ThomasBerger,7.6
RayGalton,5.5
AlanSimpson,5.5
JoeOrton,5.5
DonDevlin,6.0
J.M.Ryan,6.0
AntonioFos,6.1
KhwajaAhmadAbbas,8.0
EdwardSimpson,6.2
CharlesEricMaine,6.2
GuyElmes,6.6
SamuelRoeca,6.6
SuzanneSchiffman,7.4125
EdmundH.North,7.9
LadislasFarago,7.9
OmarN.Bradley,7.9
CharlesPerrault,6.666666666666667
FredLadd,6.9
AstridLindgren,6.95
JohnFentonMurray,6.7
SiRose,6.7
E.Nesbit,7.3
AndrzejBarszczynski,7.7
JanuszGlowacki,7.7
JerzyKaraszkiewicz,7.7
JohnCleese,7.0
GrahamChapman,7.3
TheodoreV.Olsen,6.9
JohnGay,6.333333333333333
HarryKressing,7.2
HughWheeler,6.733333333333333
EduardoManzanos,6.85
VittorioCaronia,7.0
EduardodeGregorio,7.266666666666667
HalCaptain,5.6
DonMcGuire,5.6
MasatoHara,7.1
LadislavWinkelhöfer,7.8
RaffaeleLaCapria,7.6
EmilioLussu,7.6
RobertStone,5.6
GeorgeBluestone,6.4
H.A.L.Craig,8.2
VittorioBonicelli,7.3
MarioSoldati,7.3
RustamIbragimbekov,7.7
MarkZakharov,7.9
EmilyBrontë,6.5
PatrickTilley,6.5
SamShepard,7.55
ClarePeploe,6.95
RobertEnders,6.0
EricIdle,7.85
TerryJones,7.633333333333333
MichaelCrichton,7.166666666666667
AlbertMaltz,7.2
IreneKamp,7.2
ThomasCullinan,7.2
ClaudeTraverse,7.2
Hans-PeterMeier,7.0
MarcellaMariani,7.1
RenzoRossellini,7.1
LucianoScaffa,7.1
Jean-DominiquedelaRochefoucauld,7.1
AndréHarris,8.2
AnthonyBurgess,8.3
WilliamPriceFox,6.7
MargaretRau,6.7
NeilRau,6.7
DeanHargrove,7.6
GeneThompson,7.6
KonstantinSedykh,6.5
BenedettoBenedetti,6.3
RaoulKatz,6.3
AntonioTroiso,6.3
ClairHuffaker,6.3
StuartJ.Byrne,6.3
WilliamH.James,6.3
"""MassimoDAvak""",6.3
JohnWhiting,7.8
AldousHuxley,7.8
JoHeims,7.35
HarryJulianFink,7.45
RitaM.Fink,7.45
DeanRiesner,7.566666666666666
TerrenceMalick,7.7
RichardMatheson,7.5
SholomAleichem,8.0
ArnoldPerl,7.85
JosephStein,8.0
VictorHugo,8.25
DavisGrubb,6.5
JamesLeeBarrett,6.8
ErnestTidyman,7.6
RobinMoore,7.7
CarloTritto,7.7
ColinHiggins,7.9
MyraCoppel,7.2
LuisBuñuel,7.9
IanLaFrenais,6.8
GeorgeMarton,5.3
TiborMéray,5.3
AlanSharp,6.4
GeneLuotto,7.5
AndréTranché,7.0
OttavioJemma,7.0
KennethTynan,7.4
LouMorheim,6.3
BarryShear,6.3
BarryOringer,6.3
RuedigervonSpies,6.7
EdmundNaughton,7.7
BrianMcKay,7.7
AlanParker,7.6
ClémentPerron,7.6
ThomasMann,7.4
NicolaBadalucco,7.133333333333333
DorothyGilman,5.5
JackRitchie,7.4
RobertK.Massie,7.2
JeffreyGrantRice,7.7
MaxHodge,7.7
KirillRapoport,7.7
BorisVasilev,7.866666666666666
HenningBahs,7.3
EvanJones,7.7
KennethCook,7.7
MargarethevonTrotta,7.1
FyodorDostoevsky,6.7250000000000005
JohnBerger,7.35
ShûsakuEndô,7.15
KenKesey,7.85
DagMolin,5.3
RobertH.Oliver,5.3
DickRandall,5.3
CharlesRoss,5.3
DavidZelagGoodman,7.5
GordonWilliams,7.5
AsimakisGialamas,7.5
MiroslawZulawski,7.4
GuillermoCabreraInfante,7.2
MalcolmHart,7.2
BarryHall,7.2
GeorgesSimenon,7.175000000000001
DonaldG.Payne,7.6
DavidM.Kaufman,4.3
RobertBlees,6.2
RoaldDahl,7.8
DavidSeltzer,7.65
DavidOssman,6.0
PhilipAustin,6.0
PeterBergman,6.0
HermannHesse,6.0
JoeMassot,5.25
ArthurRowe,6.1
DonaldChurchill,6.1
OwenCrump,6.1
ShermanEdwards,7.6
GlendonSwarthout,7.25
MacBenoff,6.8
WilliamBlinn,7.6
GaleSayers,7.6
AlSilverman,7.6
LeonardGershe,6.75
JoeMasteroff,7.8
JohnVanDruten,7.8
ChristopherIsherwood,7.8
JohnD.F.Black,6.2
StephenGeller,6.5
PeterMaas,7.1
MassimoDeRita,6.766666666666667
DinoMaiuri,6.65
JoséEmilioPacheco,7.7
LeonProchnik,6.0
RobertMarasco,6.0
AndreaBarbato,7.35
BrunoDiGeronimo,7.0
PeterM.Thouet,7.0
WilliamDaleJennings,7.4
PetreSalcudeanu,7.699999999999999
Jean-LoupDabadie,6.866666666666667
ClaudeNéron,7.4
FabioPittorru,6.6
JamesDickey,7.7
KitPedler,5.4
GerryDavis,5.4
CliveExton,5.4
GeorgiyDaneliya,8.5
LeonardGardner,7.3
ArthurLaBern,7.4
AnthonyShaffer,7.633333333333333
JordanCrittenden,5.5
WalterHill,7.333333333333333
JimThompson,7.4
MarioPuzo,8.774999999999999
NevilleSmith,6.5
JamesMitchell,5.9
VardisFisher,7.6
RaymondW.Thorp,7.6
RobertBunker,7.6
JohnMilius,7.733333333333334
KazuoKoike,7.7250000000000005
GosekiKojima,7.733333333333334
TerenceMcCloy,7.1
ChrisClark,7.1
SuzanneDePasse,7.1
WilliamDufty,7.1
BillieHoliday,7.1
JamesBellah,6.3
LarryG.Spangler,6.3
GhassanKanafani,7.4
IngoHermes,7.2
AlexHaley,7.6
MalcolmX,7.6
IrvingWallace,7.1
GianfrancoClerici,6.449999999999999
JosephL.McEveety,6.3
RobertL.King,6.3
MikhailA.Bulgakov,7.966666666666666
FriedrichDürrenmatt,7.25
JoanDidion,6.5
JohnGregoryDunne,6.5
LucioDeCaro,7.1
PaulGallico,7.199999999999999
LuigiAngelo,6.1
ItaloFasan,6.1
OscarWilde,7.1
LaurenceHenderson,6.5
StanislawLem,8.1
FridrikhGorenshteyn,8.1
PhillipFenty,6.5
K.P.Kumaran,7.3
GrahamIngels,7.0
MiltonSubotsky,7.0
AlFeldstein,7.0
JohnnyCraig,7.0
WilliamM.Gaines,7.0
BertHaanstra,7.2
PaulZindel,6.6
AnneRichardsonRoiphe,6.0
DannyArnold,6.2
JamesThurber,6.75
Franz-XaverKroetz,6.9
WinstonChurchill,7.2
VeithvonFürstenberg,8.0
VicenteCoello,7.5
JesúsR.Folgar,7.5
JosyEisenberg,7.4
JohnReese,7.5
HowardRodman,7.5
EugenBurada,8.0
VintiläCorbul,7.824999999999999
MirceaGandila,7.699999999999999
FrederickForsyth,7.8
KennethRoss,7.8
JackB.Sowards,7.35
AllanScott,6.949999999999999
ChrisBryant,7.3
MichaelAllin,7.35
ÁngelFernándezSantos,7.9
GianniMartucci,5.7
GeorgeV.Higgins,7.5
PaulMonash,7.5
RobinClarke,6.7
RaymondChristodoulou,6.7
R.Chetwynd-Hayes,6.7
DagmarHirtz,6.7
FranzSeitz,7.1
IanThorne,7.0
SergioLeone,7.5
MelvynBragg,7.4
TimRice,7.25
KoichiIiboshi,7.5
KazuoKasahara,7.5
BudShrake,6.2
DarrylPonicsan,7.5
StephenSondheim,7.3
AnthonyPerkins,7.3
RodneyCarr-Smith,6.5
SueGrafton,6.5
RaymondChandler,7.6
RobertJ.Poole,6.7
FrancisVeber,7.3
MichaelCimino,7.2
MardikMartin,7.8999999999999995
JohnHopkins,7.0
JajaFiastri,7.6
JoeDavidBrown,8.1
AlvinSargent,7.9
HenriCharrière,8.0
RudyWurlitzer,7.3
StefanWul,7.65
RolandTopor,7.275
JacekFedorowicz,7.5
FélicienMarceau,5.9
EdwardHume,6.0
StantonForbes,6.0
EugèneIonesco,6.1
JulianBarry,6.85
BrunoSchulz,7.7
SteveShagan,7.300000000000001
ArthurHoffe,6.5
ValentinoBompiani,6.3
LuisaMontagnana,6.3
MarinoOnorati,6.3
ErcolePatti,6.3
NormanWexler,7.7
BarryBeckerman,6.1
MarshallBrickman,7.625
SamGreenlee,7.1
MelvinClay,7.1
DavidS.Ward,8.3
TerrenceLoreSmith,6.2
AlfredKubin,6.6
RussellParker,6.6
BozenaNemcová,7.8
GerardSoeteman,7.5
JanWolkers,7.1
FrancoArcalli,7.7
AgnèsVarda,7.0
Jean-LouisTrintignant,7.0
YevgeniOnopriyenko,8.4
AleksandrSatsky,8.4
DavidRayfiel,7.3
DavidPinner,7.5
RuthWolff,6.0
YoshiyukiFukuda,7.4
JulesMichelet,7.4
MarkHaggard,5.5
JimMartin,5.5
JeffJacks,5.5
NormanSteinberg,7.550000000000001
AndrewBergman,7.7
RichardPryor,7.7
AlanUger,7.7
GordonT.Dawson,7.5
FrankKowalski,7.5
SimonGray,7.1
AlessandroParenzo,7.5
CesareFrugoni,7.05
AlfredoLeone,7.5
MichaelJ.Carroll,7.5
ChristopherWood,4.1
PatConroy,7.3
BrianGarfield,7.0
GeraldWilson,7.0
YuriyNagibin,8.05
VladimirArsenev,8.3
SonnyCarson,7.0
FredHudson,7.0
JordiGigó,4.8
PeterHandke,7.5
JohannWolfgangvonGoethe,7.2
NoëlSimsolo,7.1
JamesToback,7.2
ColinMorris,7.7
JoshGreenfeld,7.4
TaekoTomioka,7.1
HowardKaminsky,6.6
BennettSims,6.6
JamesC.Gutman,6.9
MyronMeisel,6.9
BarryLevinson,6.800000000000001
JonathanLynn,6.2
MortW.Elkind,6.2
SteveGethers,7.0
RoyCampanella,7.0
JurekBecker,7.2
JakobWassermann,7.8
TsutomuNakamura,7.4
PatrickModiano,7.7
PirjoHonkasalo,6.9
TimoK.Mukka,6.9
PanuRajala,6.9
MichaelPalin,7.8999999999999995
ThomasMalory,7.8
JuanCarlosChiappe,7.0
StanislawTym,7.5
JaneStantonHitchcock,6.3
LouisaRose,7.4
EttoreSanzò,7.0
AdamKersten,7.7
HenrykSienkiewicz,7.7
WojciechZukrowski,7.7
GiovanniArpino,7.8
HridayeshPandey,8.4
DavidWood,6.5
ArthurRansome,6.5
LászlóGyurkó,7.0
G.F.Newman,5.5
DelReisman,5.5
JohnGodey,7.7
KimHenkel,7.5
RichardMartinStern,6.9
ThomasN.Scortia,6.9
FrankM.Robinson,6.9
OscarWilliams,7.0
JerryWilkes,7.0
LeighChapman,6.7
PhilippeDumarçay,7.3
DonBluth,7.9
TedBerman,7.9
MaryShelley,8.0
AleksandrMisharin,7.6
ArseniyTarkovskiy,8.1
WladyslawStanislawReymont,7.9
PietroGermi,8.1
AstaScheib,7.6
FrancescoCinieri,6.8
WilliamMakepeaceThackeray,8.1
UpendranathGanguly,8.4
D.N.Mukherjee,8.4
Gulzar,8.4
MohiniN.Sippy,8.4
GallianoJuso,6.6
NicolaManzari,6.6
JavedAkhtar,7.499999999999999
SalimKhan,7.499999999999999
P.F.Kluge,8.0
ThomasMoore,8.0
LeslieWaller,8.0
PierreTchernia,7.7
ChristianHohoff,7.7
KuangNi,7.1000000000000005
KjellAukrust,8.5
RemoCaprino,8.5
KjellSyversen,8.5
BarbaraBray,6.6
BertoltBrecht,6.6
CharlesLaughton,6.6
MargareteSteffin,6.6
SergeiKozlov,8.2
ChristopherFrank,7.3
SeatonFindlay,7.8
PeterBenchley,8.0
CarlGottlieb,7.6
RichardWesley,6.9
TimothyMarch,6.9
LucioBattistrada,5.9
GladysHill,7.8
KurtRaab,7.699999999999999
HeinrichZille,7.6
JoanTewkesbury,7.7
NicholasMeyer,6.85
AnthonyWilson,7.0
Anne-MarieMiéville,6.5
LawrenceHauben,8.7
BoGoldman,8.35
DaleWasserman,8.7
MikhailSholokhov,8.0
JoanLindsay,7.5
CliffGreen,7.5
MarkPeploe,7.65
EnricoSannia,7.6
MigueldeEcharri,7.6
JohnKaye,6.4
TomokoYamazaki,7.6
SakaeHirosawa,7.6
ÉlisabethRappeneau,6.7
MasahiroKakefuda,6.449999999999999
NorifumiSuzuki,6.3
KôjiTakada,7.033333333333334
MotohiroTorii,7.1
SteveAutrey,7.1
MaximGorky,7.5
JamesGrady,7.5
EmanuelSchikaneder,7.7
AlfHenrikson,7.7
MichelPérez,7.0
ClaudeVeillot,7.7
MalcolmMarmorstein,4.7
DavidCaute,7.0
AndrewMollo,7.0
BrandonThomas,7.6
GiuseppeBertolucci,7.7
CarlBernstein,8.0
BobWoodward,8.0
AlbertoSilvestri,6.25
Louis-EmileGaley,6.3
AlbertoPiferi,6.3
BillLancaster,7.699999999999999
RobertGetchell,7.3
WoodyGuthrie,7.3
StephenKing,7.98888888888889
LawrenceD.Cohen,7.4
GiacomoCasanova,7.1
CarloFruttero,6.7
FrancoLucentini,6.7
IvoBresan,6.9
AlexanderGrin,6.9
ZoranTadic,6.9
LairdKoenig,7.1
MauriceDruon,5.1
AustinFerguson,5.4
DickNelson,5.4
AndrewJ.Fenady,5.4
MohammadAliMaher,8.55
TewfikEl-Hakim,8.55
A.B.JawdatEl-Sahhar,8.2
A.B.RahmanEl-Sharkawi,8.55
FernandoMorandi,7.6
Costa-Gavras,7.6
VincenzoMannino,7.0
PaddyChayefsky,8.1
N.RichardNash,5.1
ForrestCarter,7.9
PhilipKaufman,8.166666666666666
SoniaChernus,7.9
AbdelHamidGouda,8.9
DardanoSacchetti,6.599999999999999
JackWelch,6.1
JamesWhaley,6.1
MurraySmith,5.1
JudKinberg,5.1
ArthurConanDoyle,7.775
SandorStern,4.4
MilesHoodSwarthout,7.7
ScottHale,7.7
OskarLuts,7.7
Paul-EerikRummo,7.7
PaulSchrader,8.033333333333333
LeonardoSciascia,7.25
BertoPelosso,7.4
RobertMaxwell,6.2
DavidMain,6.2
VasiliyBykov,8.3
BobMerrill,6.1
CarlottaMonti,6.1
CyRice,6.1
EarlE.Smith,5.8
KalaiStrode,5.8
PavelHajný,7.466666666666668
HenrykWorcell,7.4
OlaviSiippainen,6.7
Aapeli,6.7
SeppoHeinonen,6.7
VeikkoKorkala,6.7
ToivoPekkanen,6.7
PierGiovanniAnchisi,6.2
CeciliaMangini,6.2
ElisaBriganti,6.1
TomasMilian,6.1
JoannaCrawford,7.1
RussellCawthorne,7.3
DavidSwift,6.8
RosemaryAnneSisson,7.25
MichaelInnes,6.8
OtfriedPreußler,7.6
JiríGold,7.6
VincenzoCerami,7.3999999999999995
PierreLouÿs,7.9
HalBarwood,7.6
JohnHill,7.6
MatthewRobbins,7.6
OrazioBarrese,6.0
AlainLeHenry,7.0
FrederickCryer,6.75
GeraldVaughan-Hughes,7.4
JosephConrad,7.9
LillianHoban,8.3
RussellHoban,7.65
JerryJuhl,7.825
MaurizioCostanzo,8.1
MickeyKnox,7.5
HerbertMuhammad,6.0
RichardDurham,6.0
MichelFermaud,7.5
ChihoKatsura,7.4
ChigumiÔbayashi,7.4
JoanneGreenberg,6.5
GustavoFrías,7.2
KullervoKukkasjärvi,7.6
ArtoPaasilinna,7.6
DusanKovacevic,8.1
IngmarBergman,5.7
JoséDonoso,7.7
ManuelPuig,7.7
RomainGary,7.2
RevazGabriadze,8.2
DavidFisher,6.0
IsaacDíazAraiza,6.4
CarlosLeón,6.4
GinoCapone,6.4
ArrigoPetacco,7.0
DavidMercer,7.7
CharlesGaines,6.6
LungKu,6.1
AlvinL.Fast,4.0
MiguelPinero,7.0
NancyDowd,7.266666666666667
ErikHazelhoffRoelfzema,7.7
KeesHolierhoek,7.7
GeorgesArnaud,7.7
DariaNicolodi,7.4
ThomasDeQuincey,7.4
RanaldGraham,6.8
IanKennedyMartin,6.8
B.J.Perla,6.0
MarilynGoldin,6.8
JorVanKline,6.0
JohnGroves,4.7
GuerdonTrueblood,4.7
HideichiNagahara,4.9
RyûzôNakanishi,4.9
LuTung,7.1
JohnWilder,8.3
LeonardSchrader,7.7
SydneyA.Glass,7.5
AlanSwyer,7.2
JohnGoldrosen,7.2
RobertGittler,7.2
VicenteLeñero,7.7
LuisSpota,7.4
MarioGallo,7.5
DericWashburn,8.1
LouisGarfinkle,8.1
QuinnK.Redeker,8.1
TomStoppard,7.633333333333334
JimJacobs,7.2
WarrenCasey,7.2
BronteWoodard,7.2
AllanCarr,7.2
DebraHill,7.8
GeorgeEdwards,5.8
BarrySchneider,5.8
MaxShulman,6.7
AlanMandel,6.7
CharlesShyer,6.7
PierreKlossowski,7.5
StephenVizinczey,5.8
PaulGottlieb,5.8
BarrieWexler,5.8
"""MarioOHara""",7.6
LambertoE.Antonio,7.6
W.D.Richter,6.875000000000001
JackFinney,7.4
KayCousinsJohnson,5.5
SteveKrantz,5.5
JorgeDurán,7.466666666666666
JoséLouzeiro,7.6
OliverStone,7.95
BillyHayes,7.6
WilliamHoffer,7.6
HaroldRamis,7.5
DouglasKenney,7.5
ChrisMiller,7.5
OtaHofman,7.6
FrantisekHrubín,7.6
Jeanne-MarieLeprincedeBeaumont,7.6
SabatinoCiuffini,7.3
EdwardN.Luttwak,6.1
CliffOsmond,6.1
GrantMoran,7.0
MonkeyPunch,7.35
ArdwightChamberlain,7.0
ChristaMaerker,7.2
Chi-KuangTsai,7.4
ChiYuanHsi,7.4
HuoAnHsi,7.4
LungHsiao,7.5
See-YuenNg,7.5
DomenicoMalan,6.4
MarisaAndalò,6.4
HiroichiFuse,7.449999999999999
MichaelRobson,6.6
JohnBuchan,6.6
RichardAdams,7.699999999999999
IsobelJeanRankin,7.6
OnSzeto,7.199999999999999
ValerieCurtin,7.4
"""DanOBannon""",8.1
RonaldShusett,8.1
RobertAlanAurthur,7.9
MichaelHerr,8.350000000000001
JerzyKosinski,8.0
RobertC.Jones,8.0
WalterMurch,7.3
MelissaMathison,7.55
JeanneRosenberg,7.3
WilliamD.Wittliff,7.4
WalterFarley,7.3
GünterGrass,7.5
SteveTesich,7.4
GérardJugnot,7.55
ThierryLhermitte,7.55
BrunoMoynot,7.55
MikeGray,7.4
T.S.Cook,7.4
JackHill,3.9
DavidP.Lewis,3.9
CélineLaFrenière,3.9
AlbertoFioretti,5.6
RenzoGenta,5.6
PeaFröhlich,7.7
PeterMärthesheimer,7.7
J.CampbellBruce,7.6
RichardTuggle,7.6
MasaruBaba,7.8
RyûzôSaki,7.8
ShunsakuIkehata,7.8
SerenaKiefer,6.8
GeromeRagni,7.6
JamesRado,7.6
MichaelWeller,7.6
AnnBeattie,7.1
MichaelKane,6.95
DidierDecoin,7.45
MichaelElias,6.9
BarnetBain,7.1
AveryCorman,7.8
MalvinWald,6.3
JackJacobs,6.3
ThomasC.Chapman,6.3
WashingtonIrving,6.3
AllanBurns,7.5
ClaudeKlotz,7.4
JohnMelson,5.8
JohnCrowther,5.8
ValentinChernykh,8.1
JackBurns,7.6
EugenBarbu,8.4
BramStoker,7.45
ShintarôTsuji,6.3
E.T.A.Hoffmann,6.3
ThomasJoachim,6.3
EugeneA.Fournier,6.3
WilliamL.Nagle,6.7
AleksandrVolodin,7.4
CharlesS.Haas,7.4
TimHunter,7.4
ZbigniewKaminski,7.5
DaveHumphries,7.3
MartinStellman,7.3
PeteTownshend,7.3
PaulMooney,7.949999999999999
HansChristianAndersen,7.4
JacquesPrévert,7.9
HaruyaYamazaki,7.7
MaryClaypool,7.6
MauriceLeblanc,7.7
RoyMinton,7.6
HauSit,7.0
Shau-ChangLu,7.0
ArkadiyStrugatskiy,8.2
BorisStrugatskiy,8.2
ManuelArce,5.9
LyudmilaPetrushevskaya,8.0
GrigoriGorin,8.3
RudolphErichRaspe,8.5
PaulD.Zimmerman,6.3
RichardPrice,7.65
RoseKaufman,7.4
SolYurick,7.6
DavidShaber,7.6
MarkMedoff,6.9
YuliDunsky,8.4
ValeriFrid,8.4
KitDenton,7.8
JonathanHardy,7.8
DavidStevens,7.8
HaroldLander,7.8
KennethG.Ross,7.8
SatyadevDubey,7.9
VijayTendulkar,7.9
ArthurHailey,7.7
HallBartlett,7.7
JohnC.Champion,7.7
BobRafelson,7.2
ThomasO.Murton,7.2
JoeHyams,7.2
RussellHunter,7.2
WilliamGray,7.2
DianaMaddox,7.2
ThomasRickman,7.5
LorettaLynn,7.5
GeorgeVecsey,7.5
GonzaloGoicoechea,6.4
DavidWebbPeoples,8.075
JanetPeoples,8.0
Jean-ClaudeGrumberg,7.333333333333333
VirginiaTheimerClapper,7.8
SusanShadburne,7.6
JerryBlatt,7.1
BruceVilanch,7.1
LannyCotler,7.0
ChristopherDeVore,7.75
EricBergren,7.75
FrederickTreves,8.1
AshleyMontagu,8.1
LawrenceKasdan,8.466666666666667
GeorgeLucas,8.24
MatthewBright,6.7
MartinNicholson,6.7
NicholasJames,6.7
BrunoDelbonnel,7.7
JaneAusten,7.06
SamuelRichardson,4.8
RuthPrawerJhabvala,6.7
DavidButler,8.4
PaulThompson,8.4
FrancesHodgsonBurnett,7.4
BarrieKeeffe,7.6
PetrosMarkaris,7.68
JeanCocteau,6.9
HenriLaborit,7.8
JudithGuest,7.7
GiuseppeFava,6.8
OrazioTorrisi,6.8
KlausDethloff,6.8
CarloCollodi,6.5
RomeoMuller,7.15
ArthurMiller,7.5
FaniaFénelon,7.5
JakeLaMotta,8.2
JosephCarter,8.2
PeterSavage,8.2
AnnaPavignano,7.533333333333332
CyraMcFadden,6.6
RichEustis,6.5
Tin-ChiLau,7.2
KingSangTang,7.2
DianeJohnson,8.4
PaulBrodeur,7.1
JacobBrackman,6.8
LeanneUngar,6.8
ChigusaShiota,6.5
KeikoTakemiya,6.5
PauliPentti,7.1
GordonThomas,4.5
MaxMorganWitts,4.5
JimMulholland,6.4
MelFrohman,6.4
MichaelBarrie,6.4
RonniKern,7.3
BillMesceJr.,7.4
FedericoGarcíaLorca,7.6
AlfredoMañas,7.6
AlfredA.Haesler,7.1
LotharG.Buchheim,8.3
ChaimPotok,7.1
EdwinGordon,7.1
KaiHermann,7.6
HorstRieck,7.6
HermanWeigel,7.5
MirceaBurada,7.5
RospoPallenberg,7.366666666666667
BobRandall,5.7
PriscillaChapman,5.7
JohnHartwell,5.7
MinoMilani,6.7
DavidMichener,7.3
DanielP.Mannix,7.3
DavidWilliamson,7.35
ErnestRaymond,7.4
JohnWainwright,7.7
JeanHerman,7.7
IanMune,6.8
J.H.RosnySr.,7.3
AnnaRodionova,7.4
TerryHayes,7.6
BrianHannant,7.6
CatherineBreillat,7.8
PéterDobai,8.166666666666666
KlausMann,7.8
DonaldArthur,6.7
SteveBreimer,6.4
AlanJayGlueckman,6.4
BoonCollins,6.4
ErnestThompson,7.6
IginioUgoTarchetti,7.2
CharliePeters,4.8
JérômePrieur,7.0
RobertDaley,7.5
PatrickAlexander,7.6
JacquesAudiard,7.6
TrevorGriffiths,7.3
KenjiMiyazawa,7.15
AbdulahSidran,7.7
MaxApple,3.2
BrianWilliams,3.2
DavidGiler,7.800000000000001
DanaHoraková,6.5
FrankHohimer,7.4
FriedrichEngels,5.6
MahmoudHussein,5.6
JohnnyDawkins,7.1
RonJones,7.1
KurtVonnegutJr.,7.366666666666667
NealMiller,7.7
Kam-moonCheung,6.4
Ping-HingKam,6.4
DangLee,6.4
JingWong,6.866666666666667
TomElling,5.3
HamptonFancher,8.1
PhilipK.Dick,7.733333333333333
MichaelGoodwin,7.9
IsaacCronin,7.1
CamiloJoséCela,7.2
JoséLuisDibildos,7.2
JacekGasiorowski,7.5
StanislawaPrzybyszewska,7.5
AgnieszkaHolland,7.720000000000001
BoleslawMichalek,7.5
DavidOdell,7.2
RichardBlackburn,6.8
JuneRoberts,7.0
JackRosenthal,7.0
CameronCrowe,7.2
LászlóGyörgy,7.9
DavidMorrell,7.7
MichaelKozoll,7.7
WilliamSackheim,7.7
JeffreyWalker,7.7
PeterDickinson,7.7
WayneAnderson,7.7
NicholasKazan,7.4
JohnBriley,7.7
AugustoCaminito,6.85
FrancoFerrini,6.8
EnricoOldoini,6.8
RobertThomas,7.9
SvetlanaVolodina,7.9
AkiKaurismäki,5.85
MauriceSmith,6.2
PeterS.Beagle,7.5
JeanGiraud,7.35
Jean-PatrickManchette,7.5
DonaldE.Stewart,7.65
ThomasHauser,7.7
JohnNichols,7.7
YuriGerman,7.7
EduardVolodarskiy,7.2
MartyFeldman,7.9
TerryGilliam,7.9
TimBrooke-Taylor,7.9
DennisPalumbo,7.4
ShichirôFukazawa,7.9
NikolaiSemyonov,7.5
RobertLouisStevenson,7.35
RichardWagner,7.4
RogerWaters,8.1
StevenSpielberg,7.55
MichaelGrais,7.3
MarkVictor,7.3
PeterDeVries,6.7
HermanShumlin,6.7
"""RobertC.OBrien""",7.6
JohnPomeroy,7.6
GaryGoldman,7.466666666666666
WillFinn,7.6
WilliamStyron,7.6
GeneRoddenberry,7.733333333333334
HarveBennett,7.7
SamuelA.Peeples,7.7
StephenMacLean,7.0
AdelaidaGarcíaMorales,7.9
JohnW.CampbellJr.,8.1
KangChienChiu,7.6
EmilioDelSolar,7.2
FrançoisEde,7.2
AlanScholefield,5.8
BarryReed,7.7
DavidMamet,7.800000000000001
RichardVetere,6.6
Mrs.AeneasGunn,6.9
PeterSchreck,6.9
TadeuszDolega-Mostowicz,7.8
JacekFuksiewicz,7.8
JackMaeby,7.266666666666667
EdwardTang,7.42
Jean-ClaudePenchenat,7.8
KeijiNakazawa,8.0
SandroPetraglia,7.12
JeanShepherd,8.0
LeighBrown,8.0
VladimirZheleznikov,7.7
VladimirAkimov,6.7
JosefKolber,7.6
DannyOpatoshu,6.8
HenryRosenbaum,6.8
DavidTaylor,6.8
JohnHunter,7.4
Nien-JenWu,7.733333333333334
PetersonTooke,6.3
RanjitKapoor,7.88
SatishKaushik,8.4
SudhirMishra,8.4
EdwardRedlinski,7.6
DavidMonongye,8.3
RonFricke,8.3
MichaelHoenig,8.3
AltonWalpole,8.3
JacquesEllul,8.3
IvanIllich,8.3
"""AugustedeVilliersdeLIsle-Adam""",7.6
MeirDohnal,7.6
LaurensvanderPost,7.3
PaulMayersberg,7.3
DonGriffith,8.0
TonyMarino,8.0
EdGombert,7.9
TatsuoNogami,7.7
SusumuSaji,7.7
JohnHughes,7.3500000000000005
TomWolfe,7.8
HowardHawks,8.3
BenHecht,8.3
ArmitageTrail,8.3
HsinYiChang,7.1
AlainPage,7.4
ThomasMeehan,6.8
EdwinJustusMayer,6.8
MelchiorLengyel,6.8
ErnstLubitsch,6.8
TimothyHarris,7.5
HerschelWeingrod,7.5
DonaldR.Boyle,6.0
ArsenDiklic,6.0
CharlesWilliams,7.3
LawrenceLasker,7.1
WalterF.Parkes,7.1
KennethGrahame,7.65
SébastienJaprisot,7.449999999999999
KennethJohnson,7.8
PeterShaffer,8.3
ZdenekMahler,8.3
KrzysztofPiesiewicz,7.9
BedaDocampoFeijóo,6.9
JuanBautistaStagnaro,6.9
RogerO.Hirson,7.8
"""Tien-wenChu""",7.411111111111111
DaciaMaraini,6.25
PieraDegliEsposti,6.1
RickMoranis,7.8
RezoCheishvili,8.9
JosephKwong,6.3
RogerCantin,7.5
DanyèlePatenaude,7.5
LanKe,7.2
ZiliangZhang,7.2
WillardHuyck,7.6
GloriaKatz,7.6
LuigiPirandello,7.9
CindyDavisHewitt,7.800000000000001
DonaldH.Hewitt,7.800000000000001
KazunoriItô,7.900000000000001
BennettTramer,6.1
BruceRobinson,7.8
TaunoKaukonen,6.6
Gwing-GaiLee,7.2
DanielChonqadze,7.5
VajaGigashvili,7.5
TedAllan,7.8
BillC.Davis,6.7
BernardMalamud,7.5
RogerTowne,7.5
PhilDusenberry,7.5
HarryGrey,8.4
L.M.KitCarson,8.1
WalterDonohue,8.1
MiguelDelibes,8.1
AntonioLarreta,8.1
ManoloMatji,8.1
JolantaHartwig,7.550000000000001
TalkingHeads,8.6
RobertAlden,5.9
DianeGonciarz,5.9
CherylMcCall,8.2
GaleAnneHurd,8.0
WilliamWisher,8.25
HarryShearer,7.9
JudithCoburn,8.3
CarterWilson,8.3
MartynBurke,7.2
MichaelEnde,7.15
RobertEaston,7.4
RumikoTakahashi,7.45
BobEllis,7.1
BjarneReuter,7.3
MarkTwain,7.4
JosephMinion,7.7
ÉtienneRoda-Gil,6.3
BobGale,7.900000000000001
HermannH.Field,7.1
StanislawMierzenski,7.1
CharlesMcKeown,7.9
CharlesAlverson,7.9
ConstantineNicholas,8.2
GenevieveNicholas,8.2
LiviuRebreanu,7.8
AnusavanSalamanian,7.8
JohnLandis,7.3
AnthonyE.Pratt,7.3
MennoMeyjes,7.933333333333333
AliceWalker,7.8
AlbertoVázquezFigueroa,5.1
LindaShayne,5.1
DennisPotter,6.9
LeonardGreenwood,6.9
JacoboLangsner,8.2
ChrisColumbus,7.5
AídaBortnik,7.7
SaeedMirza,7.5
KundanShah,7.5
ManjulSinha,7.5
RalphFarquhar,6.5
L.FrankBaum,7.449999999999999
MonicaMcgowanJohnson,7.0
AnnaHamiltonPhelan,7.25
ReidarJönsson,7.6
BrasseBrännström,7.6
PerBerglund,7.6
JudithThurman,7.2
ErrolTrzebinski,7.2
KurtLuedtke,7.2
MichaelButler,6.55
DennisShryack,6.55
JinBa,5.3
Jing-KongTsui,5.3
H.P.Lovecraft,7.1
DennisPaoli,7.2
WilliamNorris,7.2
RudyRicci,7.3
RussellStreiner,7.3
DjordjeMilicevic,7.2
EdwardBunker,7.2
LarryDiTillio,7.2
MarkKasdan,7.2
UrsOdermatt,7.5
ZdenekSverák,8.1
RaymondBriggs,7.7
WilliamKelley,7.4
PamelaWallace,7.4
EarlW.Wallace,7.4
PhilippeDjian,7.4
MaryWalsh,7.5
RickBoland,7.5
MackFurlong,7.5
SusanHoddinott,7.5
NeilMurray,7.5
GregorioMartínezSierra,7.0
MaríaLejárraga,7.0
NouriBouzid,6.7
TaoufikJebali,6.7
MaryseLeónGarcía,6.7
MarkBramble,7.5
DavidZ.Weinstein,7.3
RobertKaufman,4.6
GeorgeLangelaan,7.5
CharlesEdwardPogue,7.5
AngeloPizzo,7.5
AlesAdamovich,8.3
MarcelPagnol,7.800000000000001
BarryWong,6.5200000000000005
LucBesson,6.75
MichèlePétin,6.25
SachinBhowmick,7.4
KaderKhan,7.4
Hsiao-Yeh,7.8
Hung-ShunCho,7.1
Jin-ChingChou,7.1
Ling-FeiLin,7.1
Hui-LanLiu,7.1
AleksandrBorodyanskiy,7.85
DennisLee,7.4
RaymondFung,6.1
CliftonKo,6.1
JukkaKemppinen,6.6
JuhaSiltanen,6.6
AlainGodard,7.65
UmbertoEco,7.7
AndrewBirkin,7.6
HowardFranklin,7.7
AlbertoAlfieri,5.2
P.Y.Haines,4.8
JoelSteiger,7.2
ErleStanleyGardner,7.0200000000000005
SamBernard,7.0
GeoffreyEdwards,7.0
RichardBoyle,7.4
Kil-hanSong,7.0
AbbeWool,7.0
RaynoldGideon,8.1
BruceA.Evans,8.1
JonathanSwift,8.0
AlanOrmsby,5.8
BobSand,5.8
HarryColomby,5.8
RonFriedman,7.3
Hing-KaChan,7.5
Suk-WahLeung,7.5
RobertW.Lenski,7.9
SebastianMilito,7.9
WilliamHjortsberg,7.3
CharlesBukowski,7.05
JoeEszterhas,6.35
KazimierzSejda,7.3
EduardAkopov,7.8
DonaldWoods,7.4
EleanorBergstein,7.0
KeenenIvoryWayans,7.65
J.G.Ballard,7.8
ScottSpiegel,7.8
GrazianoDiana,7.4
GordonChan,7.533333333333334
Yiu-mingLeung,7.3
Cheuk-HonSzeto,7.15
GustavHasford,8.3
CharlesFuller,6.6
ErnestJ.Gaines,6.6
MitchMarkowitz,7.3
ChengAh,6.8
JianjunHe,6.8
BarbaraCartland,7.1
TerenceFeely,7.1
WalterVanDenBroeck,6.8
JianyuChen,7.4
YanMo,7.4
WeiZhu,7.4
JonathanKatz,7.3
JamesClouse,6.7
EnzoUngari,7.35
Puyi,7.7
ShaneBlack,7.6
JeffreyBoam,7.8999999999999995
AlexLaw,7.7
Chi-YeuhLow,7.7
"""EugeneONeill""",7.3
JeanGiono,8.5
JeanRoberts,8.5
E.M.Forster,7.550000000000001
KitHesketh-Harvey,7.7
JerzyZulawski,7.3
Balakumaran,8.433333333333332
Rajasri,8.7
Chien-HoHuang,7.1
AngelikaWang,7.1
Anton-ZakoÇajupi,7.5
JimThomas,7.8
JohnThomas,7.8
SandraWeintraub,3.4
EdwardNeumeier,7.5
MichaelMiner,7.5
DavidMarks,4.2
GeorgeTan,5.4
Kai-ChiYuen,7.466666666666666
MichaelBerz,6.1
JacobGrimm,7.033333333333332
WilhelmGrimm,7.033333333333332
TomMusca,7.3
CynthiaSchneider,7.8
OscarFraley,7.9
EliotNess,7.9
StanleyWeiser,7.4
DavidBerry,7.3
HarkTsui,7.4
IzôHashimoto,8.1
JustusPfaue,5.7
MikeArmstrong,7.3
MichaelMcDowell,7.75
LarryWilson,7.5
WarrenSkaaren,7.5
RichardCurtis,7.6000000000000005
BenElton,7.85
ÁlvaroCarvalhal,7.1
JoãoPaes,7.1
ChristopherHampton,7.699999999999999
ChoderlosdeLaclos,7.6
NormanSnider,7.3
BariWood,7.3
JackGeasland,7.3
RoderickThorp,8.2
JebStuart,8.0
StevenE.deSouza,8.2
DaleLauner,7.5
PaulHenning,7.4
RobertStitzel,5.7
DeedeeWehle,5.7
ChristopherWicking,5.4
CatherinedePury,5.4
EliotAsinof,7.2
DeanneBarkley,5.0
DarrellFetty,5.0
RobertGarland,7.6
JacquesMayol,7.6
MarcPerrier,7.6
SamEgan,7.9
JoeMa,6.95
JamesYuen,7.2
LászlóKrasznahorkai,7.9
StuKrieger,7.4
JudyFreudberg,7.4
TonyGeiss,7.4
YoshikiTanaka,7.6
Jean-PierreAndrevon,7.1
RaphaelCluzel,7.1
IsaacAsimov,7.1
AdrianoAprà,7.0
GeorgeGallo,7.5
ChrisGerolmo,7.8
MarinPreda,8.9
JerryZucker,7.6
JimAbrahams,7.6
PatProft,7.6
LewisCarroll,7.6
RiccardoAragno,6.6
ToninoCervi,6.6
GianfrancoManfredi,6.6
FrederickTristan,6.9
GregoryScherick,6.4
VannaPaoli,8.5
RichardEpcar,7.840000000000001
EleonoreAdlon,7.4
ChristopherDoherty,7.4
JussiKylätasku,6.1
ScottFrank,7.0
DanVining,6.4
AnttiTuuri,7.45
KenRichards,7.3
BarryMorrow,6.15
RonaldBass,7.85
NaomiFoner,7.7
HridayLani,7.550000000000001
SooniTaraporevala,8.0
NataliyaBortko,8.7
AlanBowne,6.1
TimKrabbé,7.8
JohnGalsworthy,7.2
PenelopeMortimer,7.2
RayNelson,7.3
ThanassisValtinos,7.75
MilanKundera,7.3
ColoTavernier,7.2
FrancisSzpiner,7.5
MarcelineLoridanIvens,7.0
J.R.Ackerley,6.45
HughStoddart,6.0
GaryK.Wolf,7.7
JeffreyPrice,7.7
PeterS.Seaman,7.7
MarcCholodenko,6.9
BobKane,8.125
SamHamm,7.5
DanieleStroppa,5.8
RichardReitinger,6.2
ErikaRichter,6.9
WolframWitt,6.9
CindyRuskin,8.0
FredBrogger,5.7
MarkBrogger,5.7
WeaverWebb,5.7
TomSchulman,8.1
GordanMihic,7.833333333333333
AlfredUhry,6.800000000000001
JamesFogle,7.3
DanielYost,7.3
WilliamS.Burroughs,7.199999999999999
W.P.Kinsella,7.3
NirmalyaAcharya,7.4
"""MauraOConnell""",5.1
KevinJarre,7.8
LincolnKirstein,7.8
PeterBurchard,7.8
RobertGouldShaw,7.8
DanielWaters,7.2
MycalMiller,5.6
JohnWolskel,5.6
CecíliaMeireles,8.5
IlonaLepkowska,6.8
JiríBlazek,7.1
MasujiIbuse,7.9
MauroMonti,7.1
JayCronley,6.8
SamGraham,7.6
HowardAshman,7.6
GerritGraham,7.6
EikoKadono,7.9
UmbertoContarello,6.800000000000001
CarloMazzacurati,7.4
EnzoMonteleone,7.45
PatrickDewolf,7.6
DavidGrieco,7.0
ShaneConnaughton,7.050000000000001
ChristyBrown,7.9
StevenAder,5.7
JoelBlock,5.7
AnnieKorzen,5.7
AntonioTabucchi,6.8
LouisGardel,7.099999999999999
SethMcEvoy,6.1
KevinOsborn,6.1
GeorgeEckstein,7.1
GenpeiAkasegawa,7.2
YaekoNogami,7.2
RobertoLeoni,7.35
ClaudioArgento,7.6
JohannaTeicht,7.8
HisashiNozawa,7.2
MonteMerrick,6.449999999999999
RobertHarling,7.3
ShimonArama,6.8
ZionHaen,6.8
AndrzejKrakowski,6.8
LaurenceHeath,6.8
ArnaudDesplechin,7.0
NoraEphron,7.6
HideyukiKikuchi,7.2
JavedSiddiqui,8.149999999999999
OliverSacks,7.8
StevenZaillian,8.0
E.L.Konigsburg,7.3
MichaelDeGuzman,7.3
JérômeTonnerre,7.599999999999999
L.TravisClark,6.9
SteveDuncan,6.9
ClaytonFrohman,6.9
DennisLyntonClark,6.9
MichaelBlake,8.0
TimRosePrice,7.0
JanetChun,7.6
PatrickLeung,7.6
CarolineThompson,7.625
JohnB.Keane,7.4
DilipShukla,7.8999999999999995
NasirAdib,7.35
LateefBinny,7.6
VijayDeveshwar,7.333333333333333
SutanuGupta,7.6
LouisNucéra,7.6
NicholasPileggi,8.45
JerryLazarus,5.1
TomClancy,7.6
LarryFerguson,7.6
PetervonBagh,7.2
BruceJoelRubin,7.5
HengLiu,7.533333333333334
KwanTsang,5.7
CraigLucas,6.4
S.M.Ahale,7.3
RussellV.Manzatt,5.1
DashiellHammett,7.8
J.F.Lawton,7.0
FerideÇiçekoglu,7.5
ArtoMelleri,6.3
FrancescaMarciano,7.2
AlessandroVivarelli,7.0
PaoloVirzì,7.0
JonPovill,7.5
BarryGifford,7.4
JamesFranciscus,7.3
JeffreyLau,7.4
BurnyMattinson,8.166666666666666
LindaWoolverton,8.25
BrendaChapman,8.0
ChrisSanders,7.8
PascalBonitzer,7.0777777777777775
ChristineLaurent,7.26
HonorédeBalzac,7.7
TieshengShi,6.9
BrianMoore,7.1
RichardLaBrie,5.8
WesleyStrick,7.3
RobertForsyth,7.1
M.T.Kelly,7.1
RoddyDoyle,7.6
DickClement,7.3
SuTong,7.35
NiZhen,8.1
GillesAdrien,7.6
NielsVørsel,7.6
RichardLaGravenese,7.6000000000000005
FannieFlagg,7.7
CarolSobieski,7.7
HungHung,8.0
MingtangLai,8.4
AlexYang,8.4
ZacharySklar,8.0
JimGarrison,8.0
JimMarrs,8.0
TamarBrott,6.5
JackieBerroyer,6.8
JennyWingfield,7.4
LauriceElehwany,6.9
ManSingSo,5.8
HotaruOkamoto,7.7
YuukoTone,7.7
DavidFreedman,7.75
FrancoBernini,6.7
AngeloPasquini,6.7
StefanoRulli,7.125000000000001
SujitSen,7.7
Hans-UlrichKlenner,6.2
WalterSaxer,6.2
RobertGeoffrion,6.2
ReinholdMessner,6.2
ThomasHarris,8.6
TedTally,8.6
GloriaDemers,7.7
DavidWilson,7.7
SallyBochner,7.7
CallieKhouri,7.5
MattWilliams,7.2
OleySassone,7.2
ElsaTang,7.4
SakkeJärvenpää,7.25
RogerAllers,8.0
TedElliott,7.533333333333332
TerryRossio,7.533333333333332
FloydMutrux,7.6
DesmondNakano,7.2
MarkMagidson,8.55
BobGreen,8.6
MarylineDupoux,6.6
BoZenga,4.1
StephenSinclair,8.1
FranWalsh,8.34
JamesV.Hart,7.433333333333334
VincentTavier,7.5
GeorgeToles,7.1
DavidRobinson,7.6
CharlesChaplin,7.6
DianaHawkins,7.6
WilliamBoyd,7.05
NicolasvonHoffman,7.0
DavidFranzoni,7.75
PhillipAvalon,4.0
VladimirMaslov,6.4
AlekseiTolstoy,7.25
AaronSorkin,7.7
DougBooth,5.3
GeorgeGately,5.3
JeanChalopin,5.3
AlanSwayze,5.3
ChuckLorre,5.3
ErikOrsenna,7.1
CatherineCohen,7.1
NasirHussain,8.2
GerardBrown,7.1
HoushangMoradiKermani,7.1
GiorgiaCecere,7.5
PhilipDunne,7.7
JamesFenimoreCooper,7.7
JohnL.Balderston,7.7
PaulPerez,7.7
DanielMoore,7.7
YutakaFujioka,7.2
RichardOutten,7.2
LouisCha,7.166666666666667
AlbertoLecchi,7.8
KathySaavedra,7.666666666666667
PascalBruckner,7.2
JohnBrownjohn,7.2
RichardPelusi,6.6
JohnHawkesworth,7.3
MichaelFrayn,7.6
MartyKaplan,7.6
AatCeelen,7.3
JohnSteinbeck,7.5
"""LorenzoOBrien""",7.2
BryceCourtenay,7.2
RobertMarkKamen,7.566666666666666
YuanBinChen,7.6
RogerAvary,8.366666666666667
JosephineHumphreys,6.2
NormanMaclean,7.2
RichardFriedenberg,7.2
ShukiLevy,3.8
WinstonRichard,3.8
DinoRisi,8.0
SandyShaw,6.9
KulwantSinghJani,4.5
JimPiddock,5.2
RobertEngels,7.3
MarkFrost,7.3
JacquesFieschi,7.266666666666667
YvesUlmann,7.5
RichardJefferies,5.8
HenriMurger,7.7
Tin-suenChan,7.4
TanCheung,7.3999999999999995
XiaoheLü,7.3
FriedrichHölderlin,6.8
DavidLynch,6.4
MontyMontgomery,6.4
EdithWharton,7.2
JayCocks,7.266666666666666
DavidAtkins,7.4
IvanRaimi,7.5
PikWahLee,7.65
WeiLu,7.866666666666666
SukehiroTomita,7.8
NaokoTakeuchi,7.8
LisaLumby-Richards,7.8
RossThomas,8.0
JimmySantiagoBaca,8.0
JeremyIacone,8.0
DesWalsh,7.6
SamGrana,7.6
EdwinTorres,7.9
DavidKoepp,8.0
IanMcEwan,7.449999999999999
NurayOguz,7.6
CemalSan,7.6
JacquesPrevel,7.0
EbbeRoeSmith,7.6
KevinTsai,7.2
KinChungChan,7.2
SusanGodfrey,7.2
SenelPaz,7.4
DavidTwohy,7.8
RoyHuggins,7.8
DannyRubin,8.0
PatrickSheaneDuncan,7.1
RobinBhatt,7.4
GerryConlon,8.1
TerryGeorge,8.1
AndrejLongo,6.9
AlessandroBencivenni,6.9
"""MarcelloDOrta""",6.9
ToshihisaArakawa,7.3
KeitaAmemiya,7.3
AmyTan,7.7
RamKelkar,6.95
KamleshPandey,7.699999999999999
AneesBazmee,5.1
RaviKapoor,5.1
MohanKaul,5.1
BoudewijnBüch,6.7
RobHouwer,6.7
MaoXiao,7.6
BradFraser,6.7
IshirôHonda,7.3
HyakkenUchida,7.3
TygerWilliams,7.5
VincentKok,6.4
AnneFine,7.0
RandiMayemSinger,7.0
LeslieDixon,6.8
AndreaPurgatori,6.15
MaurizioTedesco,5.4
TimBurton,8.0
SeanDash,5.4
UgoChiti,6.4
JohnLeeHancock,7.6
JoyceBurditt,6.9
RonNyswaner,7.6
KazuoIshiguro,7.5
RobertGunter,7.8
ThomasKeneally,8.9
FredWaitzkin,7.4
Tai-MokLau,7.5
Chung-JoonLee,7.7
DavidNobbs,6.7
JürgenBüscher,7.5
ChristophFromm,7.5
JohannesHeide,7.5
RichardFriedman,5.4
KwongKimYip,7.35
DavidB.Baron,7.2
ScottSmith,7.2
MichaelSorich,7.2
DonMcKellar,7.3999999999999995
GlennGould,7.5
NickMcKinney,7.5
TobiasWolff,7.3
MichaelJanuary,4.6
EdwardZebrowski,7.8999999999999995
SlawomirIdziak,7.9
QuentinTarantino,7.9
AgustinaBessa-Luís,7.4
PeterHedges,7.8
BobBaker,8.2
BrianSibley,8.3
BrianTrueman,8.3
JonathanTrueman,8.3
JimStark,7.0
Yi-chunTsai,7.300000000000001
Pi-yingYang,7.3500000000000005
MartinBrossollet,6.4
DavidCarayan,6.4
MalaSen,7.6
DouglasMcGrath,7.4
RyôtaYamaguchi,7.4
"""JamesOBarr""",7.6
DavidJ.Schow,7.6
JohnShirley,7.6
JohnFrizzell,7.1
ArielDorfman,7.3
RafaelYglesias,7.4
TizianoSclavi,7.2
GianniRomoli,7.075000000000001
ToniMyers,7.0
TonyGilroy,7.7
RudolphGrey,7.8
ScottAlexander,7.8
LarryKaraszewski,7.8
DanaBrown,7.6
UpamanyuChatterjee,6.7
HumbertoDorado,7.8
JorgeGoldenberg,7.8
RamónJimeno,7.8
ChristianDietrichGrabbe,7.4
ChristopherMarlowe,7.4
JeanvandeVelde,5.3
WinstonGroom,8.8
EricRoth,7.9750000000000005
SusanPeehl,7.4
MatthewSeig,7.4
EliseoAlberto,6.9
RomanCheung,7.2
HayaoMiyazaki,7.65
FrederickMarx,8.3
SamRaimi,7.2
HuaYu,8.3
AnneRice,7.6
MartinDostal,7.3
LorenzoDeLuca,6.3
JoshuaSinclair,6.3
PankajAdvani,7.8
K.K.Singh,7.4
RonaMunro,7.4
AndreaPorporati,7.5
AlessandroSermoneta,7.5
SusanShilliday,7.5
JimHarrison,7.5
IreneMecchi,7.9
JonathanRoberts,8.5
LouisaMayAlcott,7.3
RobinSwicord,7.5
MosheDiamant,4.8
J.B.Lawrence,4.8
Hua-anXi,6.4
ShixianHuang,6.4
HongMei,6.4
RuopeiRong,6.4
Chuo-LunTing,6.4
RichardRusso,7.4
RiwiaBrown,7.9
AlanDuff,7.9
FengJicai,6.9
DayingYe,6.9
RobertSchlitt,7.0
AntonioSkármeta,7.7
GiacomoScarpelli,7.166666666666667
PascalQuignard,7.7
SantiagoAmigorena,7.3
AlexisGalmot,7.3
DanielThieux,7.3
PaulAttanasio,7.6
RichardN.Goodwin,7.5
RampoEdogawa,6.633333333333333
YuheiEnoki,6.8
AlexandreDumas,7.6
JesseHartman,6.5
OlivierMassart,7.4
GillesTaurand,6.75
JohnHodge,7.699999999999999
BernardCornwell,7.8999999999999995
YôTakeyama,6.5
RicardoLee,5.6
HoneyIrani,5.7
TanveerKhan,5.7
BarnaMihók,8.5
WestbrookClaridge,5.9
ChrisHaddock,5.9
Hing-DongWong,7.0
ChristaLang,6.9
EdwardKlosinski,7.9
MarcinLatallo,7.9
Man-MingTong,7.6
RodDean,7.6
PetruDumitriu,7.4
LouisPergaud,7.5
ColinWelland,7.5
YvesRobert,7.5
GeorgBüchner,7.0
JamesSchamus,7.8
Hui-LingWang,7.8
HaroldManning,7.8
HengamehPanahi,7.8
DouglasLivingstone,7.2
P.G.Wodehouse,7.2
AnneFrank,7.3
JimLovell,7.6
JeffreyKluger,7.6
WilliamBroylesJr.,7.699999999999999
AlReinert,7.6
AbbasKiarostami,7.550000000000001
ParvizShahbazi,7.7
CliffRuby,7.1
ElanaLesser,7.1
DavidStevenCohen,7.1
RogerS.H.Schulman,7.1
JimCarroll,7.3
BryanGoluboff,7.3
KimKrizan,8.05
FlorenceQuentin,7.0
RandallWallace,8.3
RobertJamesWaller,7.6
FrankCottrellBoyce,6.3
VitoRusso,7.8
SharonWood,7.8
ArmisteadMaupin,7.8
GuillaumeLaurant,7.833333333333333
MalcolmBradbury,7.3
StellaGibbons,7.3
LuísVazdeCamões,7.6
MichaelSchiffer,7.3
RichardP.Henrick,7.3
RobertKuhn,7.7
EricPoppen,4.3
RuthRendell,7.266666666666667
CarolineEliacheff,7.6
JohnHousley,6.8
HelenPrejean,7.5
HachirôKonno,6.6
RogerPulvers,6.6
CrashLeyland,5.6
RaulInglis,5.6
DJPooh,7.3
JamesM.Cain,6.1
JohnWarren,6.1
IvanAralica,4.3
PaulGronseth,4.3
WilliamC.Martell,4.2
PatrickMcGrath,5.6
Bi-YuChiang,7.1
Bo-ChowLan,7.1
ArthurCrimm,7.3
JonGlascoe,7.55
ChristopherBorkgren,4.0
ElieSamaha,5.6
KevinBernhardt,6.449999999999999
MichaelDeLuca,7.2
AlanPasses,7.1
RobertWalser,7.1
BoBerkman,6.9
ShirowMasamune,7.833333333333333
"""JohnOBrien""",7.5
Jean-MarcNatel,9.2
AlainBoublil,9.2
Claude-MichelSchönberg,9.2
DennisFoon,8.0
ElizabethChandler,7.7
TeruMiyamoto,7.5
YoshihisaOgita,7.5
SheldonCurrie,7.1
GeraldWexler,7.1
SatoshiKon,7.6
AoiHiiragi,7.65
H.E.Bates,6.2
TrevorBentham,6.2
JosepLlurba,6.5
AnnaThomas,7.35
JohnKennedyToole,6.2
StephenJ.Rivele,7.1
ChristopherWilkinson,7.1
TomCudworth,5.8
AndreaWeiss,7.4
EnzoSiciliano,6.9
GerryConway,6.7
NickDear,7.6
MariHatta,6.6
DianeMeiLinMark,6.6
MorganWard,5.4
H.Banerjee,7.599999999999999
SanjayChhel,7.5
NeerajVora,7.05
DomenicoStarnone,7.0
RussellLewis,7.9
EoghanHarris,7.9
RobertaMazzoni,6.8
ÉvaPataki,6.8
PaulAuster,7.4
RikkiBeadleBlair,7.0
MartinDuberman,7.0
JimAllen,7.6
JoelCohen,8.3
PeteDocter,8.200000000000001
AndrewStanton,8.166666666666668
JoeRanft,8.3
JossWhedon,8.3
MichelLengliney,7.2
ChrisMarker,8.0
ChristopherMcQuarrie,8.5
GiorgioSilvagni,7.8
KaiiTsitseli,7.6
HansHeesen,7.2
GelingYan,7.5
RanbirPushp,6.1
DorothyAllison,7.4
AnneMeredith,7.4
JonathanHarvey,7.5
GillesLaurent,7.2
WenguiChen,7.7
MinglunWei,7.7
PeterAsmussen,7.9
DavidPirie,7.9
JohannaPigott,6.3
JamesSalter,6.3
LouisNowra,6.6
Hyo-seoKoo,6.7
Shin-hyeSuh,6.7
ManSangLo,7.15
MichaelOndaatje,7.4
KeiShu,6.8
AnyiWang,6.8
NicholasSt.John,6.6
ReggieRockBythewood,6.7
ShyamGupta,7.4
K.K.Raina,7.4
Kan-CheungTsang,7.5
PerOlovEnquist,7.1
MarieHamsun,7.1
ThorkildHansen,7.1
CharlotteBrontë,6.8
HughWhitemore,6.8
AmrikGill,5.6
SutapaSikdar,7.5
AngusFraser,6.4
BarbaraGowdy,6.4
PavelTaussig,7.8
VanjaBulic,8.7
BiljanaMaksic,7.85
NikolaPejakovic,8.7
MichelMarcBouchard,7.3
LindaGaboriau,7.3
Jean-MarieGustaveLeClézio,7.3
JamesMagrane,5.7
PiersPaulRead,5.7
MatthewMcIntyre,5.7
RobertB.Weide,7.1
MaryJoPehl,7.3
PaulChaplin,7.3
BridgetJones,7.3
JoelHodgson,7.3
FrankConniff,7.3
GaryPaulsen,6.7
BillCain,6.7
Jean-PolFargeau,7.1000000000000005
MehdiShojai,7.5
BruneCompagnon,7.6
PeterChase,5.9
WilliamDiehl,7.7
AnnBiderman,7.7
RémiWaterhouse,7.4
MichelFessler,6.95
EricVicaut,7.4
KevinWilliamson,7.2
BoscoLam,6.7
Chi-LeungLaw,6.7
JanSardi,7.75
LorenzoCarcaterra,7.6
JimSheridan,7.3
RickBerman,7.6
BrannonBraga,7.6
RonaldD.Moore,7.6
FrankDaniel,6.6
GaryGoddard,7.7
AdamJ.Bezark,7.7
MateoGil,7.733333333333333
IvyHo,7.25
JohnGrisham,7.5
AkivaGoldsman,7.8999999999999995
IrvineWelsh,8.1
StephenDobyns,6.6
SlobodanSelenic,8.1
StuartWarmflash,6.4
ClaudioPiersanti,6.6
MichelAlexandre,6.75
EugeneLevy,7.5
AntoinettedeRobien,6.9
NoniWhite,7.199999999999999
SusanGauthier,7.1
BruceGraham,7.1
BobTzudiker,7.199999999999999
HiltonLacerda,6.949999999999999
KeithW.Strandberg,5.8
AlisonBagnall,7.5
JorgeGuerricaechevarría,7.4
RayLoriga,7.4
SantoCilauro,7.7
TomGleisner,7.7
JaneKennedy,7.7
KelvinYasuda,6.9
RobertLence,6.9
BrianMcEntee,6.9
RickCalabash,6.9
DavidWomersley,6.9
MichaelGoldenberg,7.45
CarlSagan,7.4
AnnDruyan,7.4
LemDobbs,7.6
DavidS.Goyer,8.266666666666666
WallaceShawn,6.2
AndrewNeiderman,7.5
JonathanLemkin,7.5
WangXiaobo,6.3
JosephD.Pistone,7.7
RichardWoodley,7.7
JeffreyD.Brown,7.1
PaulaMarkovitch,7.1
JohnBrancato,7.8
MichaelFerris,7.8
MickGarris,7.65
KaanKalyon,7.3
DonMcEnery,7.3
BobShaw,7.3
P.C.Vey,7.0
RumiJaffery,6.0
E.V.V.Satyanarayana,6.0
FerdinandBordewijk,7.7
LaurensGeels,7.7
RuudvanMegen,7.7
JamesEllroy,8.2
BrianHelgeland,7.933333333333334
AngelaHuth,6.2
KeithDewhurst,6.2
NaomiWallace,7.5
RondoMieczkowski,6.2
JerryGoldberg,6.2
TomTykwer,7.2
MichaelBoston,6.3
BruceFranklinSinger,5.9
StephenSchiff,6.9
ChrisVanderStappen,7.6
RodmanPhilbrick,7.3
CharlesLeavitt,7.5
NeilGaiman,7.900000000000001
YuriyArabov,7.4
MatthewWeiss,7.1
FernandoGabeira,7.4
LeopoldoSerran,7.4
MarkAndrus,7.6
SaraFlanigan,6.4
PatrickSüskind,6.95
RobertOrr,7.3
HeinrichHarrer,7.1
BeckyJohnston,7.1
RichardHolmes,6.6
MichaelKalesniko,4.4
PaulSimpkin,6.4
StephenDeitch,6.4
RichardSparks,6.4
RitaHsiao,7.75
HorstJohannSczerba,6.2
VolkerEinrauch,6.2
AndrewNiccol,7.699999999999999
JonathanTolins,6.6
SethBass,6.6
KamalHaasan,7.5
VinayShukla,7.5
MichaelMcNulty,7.9
RonNelson,7.9
CarolDoyle,6.7
JayKogen,6.9
KyuusakuYumeno,7.2
DavidMcKenna,8.05
CharlieKaufman,7.900000000000001
ArthurSchnitzler,7.4
EmmanuelleCuau,7.0
HunterS.Thompson,7.6
TonyGrisoni,7.6
TodDavies,7.6
AlexCox,7.6
HaydenHerrera,7.4
ClancySigal,7.4
DianeLake,7.4
GregoryNava,7.4
J.MichaelStraczynski,7.7
AlessandroBaricco,8.1
J.R.R.Tolkien,8.55
PhilippaBoyens,8.55
CathleenSchine,5.2
PhilipLaZebnik,7.6
RobertD.SanSouci,7.6
MiltonS.Gelman,6.1
RobertRodat,8.6
KaylieJones,6.8
StephenJ.Anderson,7.3
TabMurphy,7.3
JamesJones,7.6
JohnNorton,7.3
ChrisWilliams,7.3
DavidReynolds,7.699999999999999
DonHall,7.3
PamelaPettler,7.3
CarlosGrangel,7.3
JohnAugust,7.5
SándorRideg,8.4
GyörgySchwajda,8.4
RobertoCossa,7.2
Marja-LeenaMikkola,6.2
SeppoAaltonen,6.2
JörnDonner,6.2
KariFranck,6.2
MarkkuLahtela,6.2
SantoshSaroj,6.6
NaushilMehta,6.6
KitsHilaire,7.7
MaigneJaques,7.7
JeanFerry,7.6
JanBlokker,7.6
HubertLampo,7.6
ChristosGiannakopoulos,8.366666666666665
UmbertoMarino,7.0
VladimírKörner,7.8
DavidCiminello,6.1
MuktaGhai,6.7
TetsurôYoshida,7.6
MilanNejedlý,7.1
HanaBelohradska,7.1
OtaKoval,7.1
BentE.Rasmussen,6.3
PaoloLevi,6.9
GiuseppeZaccariello,6.9
JoeStillman,7.8
WilliamSteig,7.8
MichaelDierking,7.3
MichaelGutmann,7.3
JeanCompton,7.3
SusanChan,6.7
SuzanneFenn,6.9
EdWallace,6.9
MichaelHirst,7.4
PiotrWeresniak,7.6
BongJoonHo,5.1
AlanGilbey,7.8
AndréMorency,7.0
OwenWilson,7.65
AlbertCossery,7.2
TalivaldisMargévics,8.4
VadimTrunin,7.9
TimMcCanlies,8.0
TedHughes,8.0
BrentForrester,8.0
PatchAdams,6.8
MaureenMylander,6.8
SteveOedekerk,6.8
"""TimOBrien""",6.2
LewisTrondheim,7.9
SergeyMikhalkov,7.4
IstvánFekete,8.4
IstvánImre,8.4
EdeTarbay,8.4
HomerH.HickamJr.,7.8
LewisColick,7.8
DonRinge,6.5
TokyoSunshineBoys,7.8
DesmondLowden,4.3
BobMorgan,4.3
RobEdwards,7.2
JuhaNevalainen,7.0
JørgenKastrup,5.7
MarthaChristensen,5.7
BorisBednyj,8.0
GiorgioGherarducci,7.25
LucioMartignoni,7.6
DuanePoole,7.4
StefanHoltz,7.6
AlekosSakellarios,6.4
CarloRomano,7.5
CarlosDrummonddeAndrade,7.5
EhrenKruger,7.2
TaoLiang,5.5
ChuckPalahniuk,8.8
JimUhls,8.8
P.J.Pettiette,5.6
AnneCollins,7.0
BruceM.Smith,7.0
EricWatson,7.4
KareyKirkpatrick,6.9
JouniApajalahti,7.0
MattiKassila,7.0
PaavoRintala,7.0
BobHarris,7.5
PeterShapiro,7.2
DavidAyer,7.7
YoriyoshiArima,7.9
RyôzôKasahara,7.9
GopalRam,8.2
AlbertoTaraglio,6.8
MarieBrenner,7.8
EoinMcNamee,5.4
SilviaScola,6.9
Seung-ukOh,7.6
Dong-hwanShin,7.6
YoshiakiKashigawa,4.7
MarcosBernstein,7.9
JoãoEmanuelCarneiro,7.9
AlexanderStuart,7.3
MakotoShiina,7.5
MasaNakamura,7.5
AkiraToriyama,7.625
TakaoKoyama,7.6
HiroshiToda,7.9
AyaMatsui,7.4
SeigoInoue,7.1
Buronson,7.3
TetsuoHara,7.3
CarlosIllescas,6.7
AgustínYáñez,6.7
BretEastonEllis,7.6
GuinevereTurner,7.6
RolfBasedow,7.0
RuthStadler,6.5
SergeFrydman,7.6
GhigoDeChiara,7.3
YûkoNishizawa,6.7
KostasPretenteris,7.449999999999999
WynneMcLaughlin,5.3
FrankMcCourt,7.3
LauraJones,7.3
PieroChiara,6.5
WalterMosley,7.2
GuillermoAguirre,6.9
NickHornby,7.5
D.V.DeVincentis,7.5
StevePink,7.5
ScottRosenberg,7.5
KarenMcCullah,7.3
KirstenSmith,7.3
SamRappaport,2.7
KharaBromiley,2.7
JamesLasdun,6.9
KevinHeffernan,7.7
MichalLeszczylowski,6.9
GudrunNykvist,6.9
RaduAldulescu,7.9
RasvanPopescu,7.9
PaulLaverty,7.5
DaniloMassi,6.4
TeodoroCorrà,6.4
EliTavor,7.4
UriDan,7.4
MogensRukov,7.65
RuthToma,7.6
NickBarkow,7.8
AngoSakaguchi,7.3
DaisukeTengan,7.3
EileenChang,7.4
BangqingHan,7.4
SadayukiMurai,7.95
YoshikazuTakeuchi,8.0
RikaTakahashi,8.0
LiaSargent,8.0
MohsenMakhmalbaf,7.2
StigClaesson,7.3
FinnGjerdrum,5.9
KjetilIndregard,5.9
ChiekoSchrader,7.6
ManuelÁngelEgea,6.8
CarlosLópez,6.8
DavidTrueba,7.05
JoannaMcClellandGlass,5.4
KazuoKamimura,7.7
NorioOsada,7.7
PamBrady,7.7
JeffreyEugenides,7.2
KurtFrey,5.5
ToveIdström,6.5
SiskoIstanmäki,6.5
VladimirVitkovich,7.1
GrigoriYagdfeld,7.1
ToddBoyd,7.0
StefanieZweig,7.5
RobCheek,6.95
DanielClowes,7.3
PeigongWang,7.2
TascaShadix,6.8
TomikoMiyao,6.9
"""EnchôSanyûtei""",7.0
YoshikataYoda,7.0
GiorgiosSkabardonis,7.9
SørenFrellesen,6.1
DennisJürgensen,6.1
ShekKe,5.5
WeiLiang,5.5
ShûjiIshizawa,8.0
ZbigniewRybczynski,7.4
SauliusSaltenis,8.4
GeneQuintano,5.5
Gino,6.9
Michele,6.9
WilliamHanna,7.1000000000000005
DavisDoi,7.8
GlennLeopold,7.8
SophieFillières,6.2
PierreHodgson,6.2
JohnFusco,7.1
MichaelLucker,7.1
JohnRoach,8.0
MarySweeney,8.0
PetrJarchovský,7.6
PetrSabach,8.2
FrancoBucceri,7.1
NathanZellner,8.0
KristinAmundsen,7.1
LarsBillLundholm,7.1
AkioSatsukawa,7.35
RyûMurakami,7.2
KumarDave,8.1
SanjayDayma,8.1
K.P.Saxena,7.85
DejanDukovski,7.8
FilipDavid,7.8
ZoranAndric,7.8
RaviDeshpande,7.0
C.K.RaajaaChandraSekar,7.0
AlanBall,8.3
SteveGerber,7.8
AlanBurnett,7.8
PaulDini,7.8
StanBerkowitz,7.8
RichFogel,7.8
FrancoVerucci,6.4
KaukoRöyhkä,6.1
JormaTommila,6.1
MoniOvadia,7.7
VladoDaverov,9.1
JoyceCarolOates,6.7
TristineSkyler,6.7
LesyaUkrainka,6.8
AndyBienen,7.5
AndreyVeytsler,7.1
PeterKreutzer,7.8
DylanThomas,7.8
SusannaKaysen,7.3
LisaLoomer,7.3
JohnLogan,7.7
WilliamNicholson,8.5
JamesAgee,7.4
JeffCullen,7.4
T.S.Eliot,7.7
RaffaeleDonato,8.2
KentJones,8.2
KamilPixa,7.9
ViktorDyk,7.9
DanGordon,7.6
"""RubinHurricaneCarter""",7.6
SamChaiton,7.6
TerrySwinton,7.6
ArmyanBernstein,7.6
KatharineR.Sloan,4.9
OtakarKirchner,7.4
MariyaKhalfina,7.2
EdgarSmirnov,7.2
H.R.F.Keating,5.9
LevanChelidze,6.0
O.Henry,6.0
HaroldSylvester,6.5
JamesS.Henerson,4.6
Gébé,6.1
JózsefNepp,8.4
HubertSelbyJr.,8.3
AndersThomasJensen,7.550000000000001
ElizabethBowen,5.9
JohnBanville,5.9
SergeiBodrov,7.4
MikeRich,7.3
JonCohen,7.6
DoganTamer,4.1
SteveDitko,4.1
JackKirby,4.1
StanLee,6.433333333333334
JoeSimon,4.1
KevinDuggan,4.5
KennethFeuerman,4.5
VirginieWagon,6.9
GiorgosLazaridis,7.9
Wen-shanKuo,5.4
Jo-PingWang,5.4
TobyEmmerich,7.3
EvgeniyShvarts,8.3
NickGold,7.6
DominiqueSampiero,7.4
TiffanyTavernier,7.4
MilovanVitezovic,8.7
MikhailVolpin,6.9
HajimeTakaiwa,6.8
ManuelRivas,7.6
PeterBirro,7.3
LukasMoodysson,7.3
MartenToonder,7.5
MarcelProust,6.7
BorisShergin,8.1
YuriyKoval,8.1
DuLuWang,7.8
KuoJungTsai,7.8
RyszardZatorski,6.7
JohnLudin,7.0
DavaSobel,7.8
GeorgesPerec,8.1
TedWalker,7.6
MamoruOshii,7.5
RobertChomiak,7.5
NeriaPoli,7.9
"""MarcelloDAmico""",6.8
JereCunningham,5.9
TomFlynn,5.9
FeridunZaimoglu,6.8
BernhardWutka,6.8
SusannahGrant,7.3
StevenPearl,8.0
JoniSkiftesvik,7.6
TimoTorikka,7.6
TimBaker,7.8
NikosTsiforos,7.7
PolyviosVasileiadis,7.7
RitaBuzzar,6.5
FernandoMorais,6.5
RickCopp,7.3
DavidA.Goodman,7.3
GiorgosGiannakopoulos,8.8
RalphEggleston,8.0
JillCulton,8.0
JeffPidgeon,7.95
PathikVats,8.1
ElioVittorini,7.2
ÖnderÇakar,7.8
YavuzTurgul,8.85
EmmanuelleBada,6.8
Jean-LucSeigle,6.8
PierreAssouline,8.2
ReghunathPaleri,8.2
MasaakiTachihara,7.1
RobynSlovo,7.6
PaulFraser,7.6
SeichôMatsumoto,7.2
YôjiYamada,7.2
OlegDanilov,7.0
CraigPearce,7.6
ScottMarshallSmith,7.2
LouisMellis,7.3
DavidScinto,7.3
GoroFujita,6.766666666666666
KeijiKubota,6.9
ToneBlevins,6.7
ChrisvanAbkoude,6.1
HisaichiIshii,7.2
LeoChu,7.2
EricGarcia,7.2
LaurieShapiro,6.7
P.D.James,7.9
TimothyJ.Sexton,7.9
DavidArata,7.9
MarkFergus,7.9
HawkOstby,7.9
BrianAnthony,7.5
ErnestHemingway,8.1
MasahikoKikuni,7.0
YôichiNishiyama,7.0
YoshitakaAmano,7.6
"""GlennOBrien""",7.1
JonathanNolan,8.625
XiangshengShi,7.7
GregoryAllenHoward,7.8
MargotBeichler,6.6
TanujaChandra,7.9
GirishDhamija,7.9
EvgeniyZagdanskiy,7.7
Shih-ChiehChen,7.1
TriciaFish,6.9
SolomonVesta,7.2
MadhuMuttam,8.7
VitaliyBianki,8.0
Nai-HoiYau,7.2
LaurentCourtiaud,7.4
JulienCarbon,7.4
PauletteHoudyer,6.8
EllenMoore,7.7
JackFletcher,7.7
BrianIrving,7.7
IleneChaiken,6.5
KennethLonergan,7.5
ShirleyPierce,6.8
BrooseJohnson,6.8
NikolaiNosov,7.2
VladimirGolovanov,7.2
SergeyIvanov,7.2
OlgaDabrowská,7.6
PetrZelenka,7.6
ImtiazHussain,8.0
BrucePorter,7.6
NickCassavetes,7.6
FernandoJavierLeónRodríguez,8.0
JaimeSampietro,8.0
DanielJames,7.0
CatherineRyanHyde,7.2
MarilynPappano,7.8
MariaNation,7.8
RajkumarSantoshi,4.8
HirôMatsuda,7.199999999999999
TooruShinohara,7.199999999999999
JonnaNordenskiöld,5.5
AkioIdo,5.9
KarelJaromírErben,7.25
RickShaughnessy,7.3
BrianS.Kalata,7.3
DavidWelch,7.5
HiroshiTakahashi,6.2
KyokaIzumi,7.4
RioKishida,7.4
AnnickLarboulette,7.8
PierrePauquet,7.8
EnricoRibulsi,7.2
SofiaScandurra,7.2
JerryRobinson,7.8
GlenMurakami,7.8
BruceTimm,7.8
Marivaux,5.8
ShiBao,7.8
KevinKopelow,7.8
HeathSeifert,7.8
KimBass,7.8
ThomasBrowne,7.0
TonyGayton,7.1
LeoViirret,7.7
RafaelGarcíaTravesi,8.1
MarioMartini,8.1
DorianaLeondeff,7.066666666666666
MikolajKorzynski,7.6
RikCarmichael,6.6
SimonMayle,6.6
ClaudioFava,7.6
VandaVaz,7.6
MonicaZapelli,7.699999999999999
SaratchandraChatterjee,7.6
PrakashKapadia,7.8999999999999995
DeanaHorváthová,7.2
ShangjunCai,7.1
"""YinanDiao""",7.0
FendouLiu,7.0
PeterLoehr,7.0
WendyHammond,6.0
AnnetteSchäffler,7.1
DanielDefoe,7.1
LarsJansson,7.7
ToveJansson,7.7
DennisLivson,7.7
AkiraMiyazaki,7.7
TedGriffin,7.8
GeorgeClaytonJohnson,7.8
JackGoldenRussell,7.8
EvgeniyNazarenko,6.7
J.K.Rowling,7.628571428571428
SteveKloves,7.6499999999999995
RaduanNassar,7.7
CarloDeBoutiny,7.1
BeyLogan,7.9
ChihoSaitô,7.1
YojiEnokido,7.1
MargaretEdson,8.0
VerónicaFernández,7.2
ÈvedeCastro,7.0
AndréeCorbiau,7.0
PhilippeBeaussant,7.0
DanMazur,6.3
DavidTausik,6.3
KimLeona,7.4
JonathanHock,7.5
CarlosCuarón,7.6
KrishnaMuraliPosani,6.3
GuillermoArriaga,7.733333333333334
JayWolpert,7.7
HaiyingLi,8.2
XingLiu,8.2
JianquanShi,8.2
PingShu,7.699999999999999
FengweiYou,8.2
BradleyWhite,6.3
NicoleBurdette,6.3
KrzysztofKieslowski,7.1
KazimierzOrlos,7.1
JonathanTulloch,6.7
JochenBitzer,6.2
ChrisSilber,7.1000000000000005
SheenaParikh,7.4
KjellSundstedt,6.1
CharlottaThelin,6.1
KjellWestö,6.1
IlkkaMatila,6.3
GyörgyFehér,8.2
GyuriDósaKiss,8.2
LeeHall,6.4
RenéGoscinny,6.6
AlbertUderzo,6.6
MarioGiordano,7.7
ChristophDarnstädt,7.7
DonBohlinger,7.7
GarethJones,6.3
GlennEichler,8.2
PeggyNicoll,8.2
TimKaltenecker,6.9
JamesKearns,7.1
AinoPervik,7.0
SuaviSualp,7.35
SuphiTekniker,7.3
RifatIlgaz,8.833333333333334
SadikSendil,8.427272727272728
UmurBugay,8.55
ErdoganTünas,8.1
BlayneWeaver,7.3
PaoloCananzi,6.7
WalterFontana,6.7
GrazianoFerrari,7.0
MarkGustafson,6.3
RyanHolznagel,6.3
RonaldHarwood,8.25
WladyslawSzpilman,8.5
HüseyinRahmiGürpinar,8.9
NazimHikmet,9.0
TerryAbrahamson,5.1
ElfriedeJelinek,7.5
NaseemMukri,6.5
RajSinha,6.5
RichardLeder,7.2
AntonioTrashorras,7.4
DavidMuñoz,7.4
ClodualdoDelMundoJr.,6.75
GilQuito,7.1
JacquesBoon,6.9
A.M.Homes,6.5
MaxAllanCollins,7.7
RichardPiersRayner,7.7
DavidSelf,7.7
GáborOlivérBuss,7.7
HildaHársing,7.7
FaouziBensaïdi,6.7
MehdiBenAttia,6.7
W.BlakeHerron,7.9
RobertLudlum,7.866666666666667
DaveKehr,7.25
TetsuyaOnishi,6.6
Sang-yeonPark,7.8
Seong-sanJeong,7.8
Hyun-seokKim,7.8
Mu-yeongLee,7.699999999999999
Myeong-chanPark,7.666666666666667
Jean-MarieAdiaffi,6.9
BertinAkaffou,6.9
ChristophePellet,6.9
PeteHamill,6.1
LuizBolognesi,7.7
AustregésiloCarrano,7.7
HakanHaksun,8.2
ShuoWang,6.4
MarieNoëlle,6.4
LaurenceCoriat,6.9
DennisIliadis,6.3
ChingizAitmatov,8.7
AliÖzgentürk,8.7
JeffNathanson,7.699999999999999
FrankAbagnaleJr.,8.1
StanRedding,8.1
BrentHanley,7.2
MarkBowden,7.7
KenNolan,7.7
KoushunTakami,7.6
KentaFukasaku,7.6
KotaYamada,7.5
OsamuYamamoto,7.5
BobPeterson,8.05
HankSaroyan,7.3
SusanOrlean,7.7
JoséM.Garasino,4.5
HelioMira,4.5
JamesBresnahan,7.5
MichaelJ.Wilson,7.55
MichaelBerg,7.5
PeterAckerman,7.5
SylviaNasar,8.2
NathalieKristy,6.3
JonathanMarcSherman,5.2
WolfHaas,7.6
AdrianaFalcão,8.6
JoãoFalcão,8.6
ArianoSuassuna,8.6
JosephF.Girzone,6.7
BradMirman,6.7
KeithGiglio,6.7
DavidScarpa,7.0
GrahamYost,7.0
RalphLiddle,8.2
InderRajAnand,6.9
SandowM.M.A.ChinnappaDevar,6.9
GeneBrewer,7.4
FrédéricBélier-Garcia,6.8
EmmanuelCarrère,6.8
JohnBellucci,6.2
RajeevKaul,3.8
CarlMerz,8.9
AlisonBeeton-Hilder,6.9
ToninoBenacquista,6.85
FredBasten,7.9
MichaelCunningham,7.5
DavidHare,7.55
OlivierDazat,6.8
RégisFranc,7.1
HajimeYatate,7.9
KeikoNobumoto,7.85
CraigStecyk,7.7
RobWiser,5.6
JaroslawSokól,6.5
SamuelBeckett,7.7
MatthiasSchellenberg,7.1
KatrinBlum,7.1
BernardGoldberg,8.6
KristineJohnson,7.6
YannAndréa,6.1
SuzetteDoctolero,6.9
BongRamos,6.9
IngvarAmbjørnsen,7.5
AxelHellstenius,7.5
LarryStuckey,7.5
JimDavis,8.3
NaoyukiSuzuki,7.9
TsutomuMinakami,7.9
DeborahSerra,7.2
RolfHochhuth,7.2
NicholasSparks,7.6
KarenJanszen,7.300000000000001
ToddMcCarthy,7.1
Eun-JeongKim,7.6
Tae-YeonWon,7.6
Ji-naYeo,7.6
SirapakPaoboonkerd,6.1
UtsanaPhleungtham,6.1
RobSprackling,6.9
JohnnySmith,6.9
StephenMost,8.4
JanetFitch,7.1
MaryAgnesDonoghue,7.1
PierreLeroux,6.2
DouglasSloan,6.7
HarryArends,8.0
PhilSavenick,8.25
WilliamBlake,7.3
AndrewKevinWalker,7.4
LucPlamondon,9.0
JoeSweet,7.7
JiríHubac,7.5
KvetaLegátová,7.6
WilliamMastrosimone,7.8
JacekWyszomirski,7.0
MadelineSunshine,4.8
AlexGarland,7.4
OleJohn,7.1
JirôAsada,7.55
JeffYagher,3.9
GaryJ.Tunnicliffe,3.9
RazvanRadulescu,7.5
LeslieBohem,7.9
CharlesRandolph,7.6
MarkTurosz,7.0
JosephBarbera,6.75
ShashankDabral,7.5
DoinaJela,7.6
Kee-ToLam,6.9
SasidharanArattuvazhi,8.4
PhilippeLopes-Curval,7.45
DougCunningham,7.2
RichardMolloy,6.8
KassimJagmagia,8.1
KaranKashyap,8.1
FernandoCastets,7.8
FernandoBonassi,7.6
VictorNavas,7.6
DráuzioVarella,7.6
SabinaAnzuategui,6.9
AnaMariaMiranda,6.9
AnnaMuylaert,7.15
PaulRudish,7.6
ChrisSavino,7.6
AmyKeatingRogers,7.6
JohnMcIntyre,7.6
CraigMcCracken,7.6
GastonLeroux,7.3
AndrewLloydWebber,7.3
Ho-sikKim,8.0
AmitabhSrivastava,7.1
JacquesSternberg,6.8
BronislawMaj,7.0
IreneuszSiwinski,7.0
LaraFremder,6.6
CaterinaGiargia,6.6
SakichiSato,7.0
HideoYamamoto,7.0
SergeBrussolo,6.8
PhilippeCaza,6.8
LaurentTurner,6.8
DjamilaDjabri,6.1
PhilippeLasry,6.15
MarcSyrigas,6.1
MichaelElliot,6.5
AlexandraTuchinskaya,7.6
KiyonoYayoi,7.0
WitiIhimaera,7.5
XinHuo,7.366666666666667
NikolaiStatkov,8.6
"""EricGizGewirtz""",7.6
RenéArcos,6.6
GilbertoVillarroel,6.6
FengLi,7.7
BinWang,7.566666666666666
DodieSmith,6.9
HeidiThomas,6.9
LianaDognini,6.8
AlanWarner,6.8
RominaLanfranchini,7.3
JenniferPertsch,7.4
NanaseÔkawa,7.6
Clamp,7.6
BerndLichtenberg,7.7
AchimvonBorries,7.7
HenkHandloegten,7.7
RosamondLehmann,6.6
LucindaCoxon,6.85
JeanDorst,7.9
StéphaneDurand,7.85
GuyJarry,7.9
ValentineMarvel,7.9
FrancisRoux,7.9
JeffWood,8.3
MihoMaruo,7.8
Ouida,7.8
KikumiYamagishi,7.1
JoyceBrabner,7.4
TakashiYanase,7.1
DavidBenioff,7.6
JujurPrananto,7.8
PrimaRusdi,7.8
Arthur-EmmanuelPierre,6.1
AllanKnee,7.7
DavidMagee,7.800000000000001
NatalyaSkorokhod,5.9
FélixGuattari,5.8
JeanOury,5.8
MichaelCooney,7.3
HarryBannink,6.7
FrankHoutappels,6.7
AnnieM.G.Schmidt,6.7
GilbertAdair,7.2
EricVuillard,6.5
Chan-wookPark,7.866666666666667
Jae-sunLee,7.6
Jong-yongLee,7.6
TomForman,8.4
GregKandra,8.4
SujathaRangarajan,8.4
Sujatha,8.4
NanciKincaid,7.5
ChrisCraps,5.8
Jean-ClaudeVanRijckeghem,5.8
WalterDallas,7.8
NtozakeShange,7.8
AlanSlutsky,7.8
NatMoss,5.9
JunotDiaz,5.9
NicolasGueilburt,6.8
RicardoRagendorfer,6.8
DodiShoeuer,6.8
DanielValenzuela,6.8
AndreDubusIII,7.5
ShawnLawrenceOtto,7.5
EvaVives,7.2
LauranPaine,7.4
CraigStorper,7.4
DerekHarvie,6.5
MichaelPalleschi,6.5
ScottTomlinson,6.5
ShaunAngusHall,6.2
PauloLins,8.6
BráulioMantovani,7.975
BorisKhaimsky,7.4
AnatoliNikiforov,7.4
SvetlanaProskurina,7.4
"""ErnestoCheGuevara""",7.8
AlbertoGranado,7.8
JoseRivera,7.8
DanielWallace,8.0
PiyushMishra,8.3
AnjumRajabali,8.1
IgnaciodelMoral,7.3
AlbertEspinosa,7.0
MargueriteYourcenar,7.3
RankoBozic,7.6
MassimoGaudioso,7.0
JörgenBergmark,7.3
PetteriNuottimäki,6.9
BlakeCorbet,6.3
RossFerguson,6.3
BridgetHill,6.3
MarshallHerskovitz,7.7
StuartBeattie,7.6000000000000005
StevanSremac,7.2
KirikoNananan,6.5
YukaHoncho,6.5
KôkiTakaoka,7.5
NiccolòAmmaniti,7.4
DennisLehane,7.75
A.J.Quinnell,7.7
PhilippeBlasband,6.5
DortheWarnøHøgh,7.3
LorenzoF.Aristarain,7.6
Eric-EmmanuelSchmitt,7.3
JackWeyland,6.7
JanineWhettenGilbert,6.7
MargaretMazzantini,7.1
ÁngelGarcíaRoldán,6.7
JeremyLeven,7.8
PrafullaRoy,6.7
VibhaSingh,6.4
JamesMacInnes,6.7
WilliamMorrissey,6.7
PierreBismuth,8.3
RobbieC.Williamson,6.9
RichardMurphy,6.9
FelixChong,7.659999999999999
GhaliaLacroix,6.9
TodBrowning,6.4
JosephFarnham,6.4
WaldemarYoung,6.4
JacquesFerrandez,6.3
XavierMaurel,6.3
MichaelPiller,7.2
ShawnPiller,7.2
CraigJ.Nevius,6.3
RogerBohbot,7.05
PrabdaYoon,7.6
WilliamZabka,8.0
WilliamHaugse,7.7
WitoldBeres,6.0
DianaWynneJones,8.2
NiranjanIyengar,8.0
KaranJohar,8.0
AbbasTyrewala,7.766666666666666
RajeshSaathi,7.0
ReikoYoshida,7.3
BruceKennedy,7.1
AntjieKrog,6.0
AnnPeacock,6.0
EricGuggenheim,7.5
AtulTiwari,7.5
ShamaZaidi,7.5
JamesL.White,7.7
LillyWachowski,7.8
LanaWachowski,7.8
JacekDukaj,7.4
LiuQingbang,7.6
ShûheiFujisawa,7.833333333333333
YoshitakaAsama,7.9
CliffHollingsworth,8.0
JoanKramer,7.6
Kwang-rimKim,8.1
Sung-boShim,8.1
JürgenBartsch,6.9
PaulMoor,6.9
StacyPeralta,7.1
BakuYumemakura,6.3
ParomitaVohra,7.6
JohnnyCash,7.8
GillDennis,7.8
PatrickCarr,7.8
PeterBiskind,7.5
Karl-HeinzKäfer,7.4
TakehiroNakajima,7.5
SteveConrad,7.65
MarkSt.Germain,7.2
CarolCawthraHopcraft,7.2
XanHopcraft,7.2
CarolFlint,7.2
ScottKosar,7.7
HarlanCoben,7.5
PhilippeLefebvre,7.5
SachaGervasi,7.3
NoahBaumbach,7.55
YuikoMiura,6.9
LanceDoty,5.5
BerndEichinger,7.7
JoachimFest,8.2
TraudlJunge,8.2
MelissaMüller,8.2
KevinDroney,3.6
Jo-yunHwang,8.4
GaronTsuchiya,8.4
NobuakiMinegishi,8.4
Joon-hyungLim,8.4
DallasJackson,3.4
ChristopherCoccio,7.2
ManjirôÔshio,7.7
KenScott,7.4
KazuoFunahashi,7.4
AngeloCarbone,6.2
RoanJohnson,6.2
CharlotteWhitby-Coles,8.2
M.G.Sathya,8.2
SameerSharma,8.2
LalitMarathe,8.2
AminHajee,8.2
Tin-ShingYip,7.166666666666667
JimmyLiao,6.8
Kin-YeeAu,7.0
Madan,8.8
JorgeFurtado,7.5
PedroCardoso,7.5
OsmanLins,7.5
IsabelleCoudrier-Kleist,5.8
SophieHiet,5.8
YannLeNivet,5.8
JérômeSalle,5.8
YoshiakiKawajiri,7.3
JeffreyHatcher,7.1
CédricHervet,7.8
Guy-ManuelDeHomem-Christo,7.8
PannaRittikrai,7.2
SuphachaiSittiaumponpan,7.2
GraceLeaTroje,7.6
TomTopor,6.4
NelsonDeMille,6.4
JacobEpstein,6.4
LeslieGreif,6.4
Jean-YvesPitoun,6.4
XianZhang,6.6
ScottHeim,7.6
SandyClark,6.7
JosephA.Bailey,7.3
ArtMarcum,7.9
MattHolloway,7.9
KariHotakainen,6.1
GeorgesChaperot,7.9
RenéWheeler,7.9
Noël-Noël,7.9
ManKeungChan,7.7
MariaFlorio,7.6
VictoriaMudd,7.6
SuePeosay,7.6
BrettHalliday,7.5
BatbayarDavgadorj,7.4
JimAdler,7.7
HideoMorinaka,7.0
NajaMarieAidt,7.0
JokoAnwar,7.3
VidhuVinodChopra,8.1
LajanJoseph,8.1
BhavaniIyer,8.2
BobbyMoresco,7.8
MorganAnthony,8.0
J.J.Connolly,7.3
VladimirMoiseenko,8.0
AleksandrNovototskiy-Vlasov,8.0
AndreaGibb,7.7
SalvadorDalí,7.9
JohnHench,7.9
JohnGoldsmith,7.7
AleksandrBoyarskiy,6.8
WilhelmHauff,6.8
EliseoAltunaga,7.7
RobertoBrodsky,7.7
MamounHassan,7.7
MarkBradridge,7.8
AndreaDelBosco,7.8
SamYoung,7.8
JoelBakan,8.1
HaroldCrooks,8.1
ThomasShandel,8.1
LeiDinety,6.8
PaulineGouzenne,6.8
GerritWillems,7.0
MaartendeKroon,7.0
NealPurvis,8.0
RobertWade,8.0
PaulHaggis,8.0
FrankKetelaar,6.233333333333333
NaotoKine,7.1
AndersNyberg,7.5
OlaOlsson,7.5
CarinPollak,7.5
MargarethaPollak,7.5
DanianTang,6.7
GregLatter,6.55
IouKuroda,7.0
JimCapobianco,8.0
EmilyCook,8.0
KathyGreenberg,8.0
PeterRees,8.3
MiroslavMomcilovic,8.4
DavidFeldman,6.8
CanYilmaz,8.0
EnnVetemaa,8.2
MaggiePeren,7.4
SameerKohli,6.9
DougieBrimson,7.5
JoshShelov,7.5
MauriceGee,7.6
DavidThomson,8.3
Nekojiru,7.7
MasaakiYuasa,7.7
SteveCallaghan,7.6
DavidZuckerman,7.8999999999999995
GaryJanetti,7.6
ChrisSheridan,7.6
ChristopherCleveland,7.2
BettinaGilois,7.2
AlanYuen,7.0
Ji-hoonHan,8.1
Sang-donKim,8.1
BillDolan,8.4
PeterSilverman,8.2
RobertCaswell,8.2
ThierryBourcy,7.7
BéatriceRubinstein,7.7
DavidMcBrayer,7.1
OscarOrlandoTorres,7.9
OwenMcCafferty,7.3
Alain-MichelBlanc,7.9
KimFupzAakeson,7.0
AnnieProulx,7.7
DianaOssana,7.7
BarbaraSamuels,6.6
SamGeorge,7.4
BuzzBissinger,7.2
DavidAaronCohen,7.2
Won-junHa,5.9
CharlesOlivier,7.4
JuliaBacha,7.6
JoeConason,6.9
GeneLyons,6.9
SarahBesanShennib,7.0
AnuragKashyap,7.0
MarkSchwahn,7.3
JohnGatins,7.3
LeslieMegahey,8.0
"""SaverioDErcole""",7.0
ElisabettaLodoli,7.0
MauraNuccetelli,7.0
ZhannaVitenzon,7.8
KeirPearson,8.1
PeterMoffat,7.6
ÉricBesnard,6.6
FredFougea,6.5
ArthurGolden,7.4
DanFogelman,7.7
JeffStockwell,7.1
DavidPaterson,7.1
KatherinePaterson,7.1
HussainZaidi,8.5
RyoheiAkimoto,7.2
KengoIshiguro,7.2
ShoichiMaruyama,7.2
YoshihiroNakamura,7.2
EdmundJones,5.4
SallyNichols,5.4
FrançoisBoulay,7.9
Jean-DominiqueBauby,8.0
RékaDivinyi,6.6
GáborHeller,6.3
DenisLapière,5.5
YvesBuclet,7.1
PeterSpeyer,7.1
JamesC.Moore,6.7
WayneSlater,6.7
KenFurusawa,6.4
F.X.Toole,8.1
"""RenzilDSilva""",8.2
PrasoonJoshi,8.2
NamikKabil,7.6
SantiagoLoza,6.5
WilliamMonahan,8.5
AlanMak,8.5
ChristopherBond,7.3
TonyKushner,7.5
GeorgeJonas,7.5
KatharinaHeld,7.5
DavidHayter,7.6
AlexTse,7.6
DaveGibbons,7.6
AlanMoore,7.6
PauladelFierro,7.2
FernandoLabarca,7.2
JulioRojas,7.2
BeltránStingo,7.2
TomBlackburn,8.0
MichaelSparaga,5.4
PatMcCabe,7.2
AbdelRaoufDafri,7.5
SofiaSotiriou,5.9
TomGlynn,6.8
DeborahMoggach,7.8
EmmaThompson,7.8
FouadNahas,7.4
NasserHashemzadeh,7.4
AdelbertvonChamisso,7.1
SueMonkKidd,7.3
NobaraTakemoto,7.2
KurtJohnstad,7.7
MichaelB.Gordon,7.7
FrankMiller,7.7
LynnVarley,7.7
EdSinger,8.3
AnthonyCipriano,7.5
JeffreyCaine,7.8
"""ChristianOReilly""",7.8
MariaPaceOttieri,6.7
GiancarloDeCataldo,7.2
KhaledHosseini,7.6
StevenWestren,7.1
MikeMaples,7.5
SayedKashua,7.0
CamillaCostanzo,7.0
AlessioCremonini,7.0
ZachHelm,7.6
AdityaChopra,7.8
SimonBeaufoy,6.9
PauletteBourgeois,7.8
BrendaClark,7.8
JohnVanBruggen,7.8
SantiagoCalori,7.1
SalvadorRoselli,7.1
DavidWolstencroft,7.7
RichardAlwyn,7.7
DavidBelton,7.7
DeborahCurtis,7.7
MattGreenhalgh,7.7
NickCave,7.4
F.ScottFitzgerald,7.8
Jean-LucNancy,6.9
Chimo,7.0
MarkLawrence,7.0
JoelleTouma,7.0
PeggyHolmes,6.6
BillMotz,6.6
BobRoth,6.6
MikaelWulff,6.6
LukeDavies,7.3
LionelChetwynd,4.3
TedSteinberg,4.3
JasonSmilovic,7.7
KhanChan,7.4
ChengKuo,7.4
HeyuSheng,7.4
GuanzhongLuo,7.4
LaurentDenis,6.5
WojciechKuczok,7.1
FredBreinersdorfer,7.6
NickCastle,7.5
PaulCastro,7.5
ChristopherBuckley,7.6
MarkJonathanHarris,7.8
Yeong-haKim,8.2
TakuTada,7.6
YipengBenLu,6.9
StevenRogers,7.0
CeceliaAhern,7.0
GuyShockley,5.1
EduardoNunes,6.8
SergioOliveira,6.8
AbelCantou,7.6
MichaelP.Greco,7.6
GantuyaLhavga,7.6
CharlieFoley,6.7
DavidMcNab,6.7
KevinTaoMohs,6.7
KevinSmith,7.5
DavidLloyd,8.2
EricMartin,7.3
CharliePearson,7.3
LoisVossen,7.3
DavidZabel,7.4
RonCarlson,7.4
JohnLasseter,8.3
MichaelArndt,8.05
MarcH.Simon,7.7
EdLin,6.7
JoshDasal,7.8
JingzhiZou,7.3
SamKeith,8.8
AmySewell,7.4
DanMillman,7.3
BobGraham,7.1
JamesGregory,7.1
TakeichiHonda,7.2
ToonzImai,7.2
GangWang,7.2
BenfuZhao,7.2
PaulHeyman,8.6
ScottZ.Burns,8.0
GeorgeNolfi,8.0
AphexTwin,7.4
TakujiIchikawa,7.7
YoshikazuOkada,7.9
MiguelMihura,5.5
HoracioValcárcel,5.5
StevenMillhauser,7.6
RonHansen,7.5
JamesVanderbilt,7.7
RobertGraysmith,7.7
ArletteLangmann,6.9
TarjaKunnas,7.5
MichaelBacall,7.5
"""BryanLeeOMalley""",7.5
ChrisChow,7.6
Chi-longTo,7.6
W.SomersetMaugham,7.5
AndrusKivirähk,7.2
AngelaPell,7.5
HaidarAli,7.6
RajshriSudhakar,7.6
PaoloSassanelli,7.8
IsabelleSobelman,7.6
C.GabyMitchell,8.0
Seo-kyeongJeong,7.266666666666666
HarryG.Peter,7.4
AllanHeinberg,7.4
ZackSnyder,7.4
JasonFuchs,7.4
WilliamMoultonMarston,7.4
RobinNishi,7.8
PriitPärn,6.4
AaronStockard,7.55
DavevonKleist,7.0
NormanMorrill,7.5
StevenKnight,7.5
RussellGewirtz,7.6
YannMartel,7.9
OiWahLam,6.8
RaymondTo,6.8
BerndLange,6.9
TeddyNewton,7.6
MarkAndrews,7.6
RobGibbs,7.6
BoscoNg,7.6
PeterMorgan,7.7
JeremyBrock,7.7
GilesFoden,7.7
DavidFox,7.7
BrianConnelly,7.5
RichardWenk,7.2
MichaelSloan,7.2
RichardLindheim,7.2
LindaFerri,7.4
FrancescoGiammusso,7.4
FedericoStarnone,7.4
AbhijatJoshi,8.1
Dong-CheolKim,7.6
TinNamChun,6.6
SholomGelt,5.1
GlenHartford,5.1
NicholasSiapkaris,5.1
VictorKushmaniuk,7.4
GeraldN.Lund,6.65
MattWhitaker,6.65
AlineBroshMcKenna,6.9
LaurenWeisberger,6.9
VladimirValutskiy,8.4
VonnevanderMeer,5.8
JanVeldman,5.8
DagmarGabler,6.5
DanGilroy,7.9
NicoSoultanakis,7.9
ValeriPetrov,7.9
EkaterinaTirdatova,7.2
MitsuyoKakuta,7.2
"""ZienCui""",6.5
DumitruRaduPopescu,5.7
WilliamWhitehurst,6.2
MarkMonroe,8.2
BobMills,7.4
JeffPope,7.4
GilCourtemanche,7.3
FreedomWriters,7.5
ErinGruwell,7.5
SergioG.Sánchez,7.4
Jean-FrançoisHalin,7.1
TakashiOkazaki,7.7
WendellMorris,5.7
DiabloCody,7.4
ManlioSgalambro,4.6
EdVanderweyden,5.8
BryanFuller,7.8
MikeMignola,7.8
Jae-youngKwak,7.5
KôsukeMukai,7.5
WakakoMiyashita,7.5
MarkShirrefs,7.8
UptonSinclair,8.1
RobertGallagher,7.3
SandyWelch,6.9
AnteTomic,6.9
MattGroening,7.7
DavidX.Cohen,7.7
KenKeeler,7.7
FarhadSafinia,7.8
JohanSandstrom,4.6
LisaTaube,4.6
RoméoDallaire,7.6
MichaelDonovan,7.6
AnnieDeYoung,7.7
MaxEnscoe,7.7
Hie-jaeKim,4.8
Hyo-ChulLee,4.8
MoseRichards,8.6
MarioMendoza,7.2
MichaelFerrucci,7.1
AaronLee,7.1
FrankSantopadre,7.1
ZoranDrvenkar,7.1
GregorTressnow,7.1
JinJang,7.7
JoongKim,7.7
ChemaRodríguez,6.9
PrzemyslawAngerman,7.0
CezaryGrzesiuk,7.0
EvaVitija-Scheidegger,6.7
AnnTobin,6.7
CormacMcCarthy,8.1
ManuelRodríguez,6.9
StevenHager,7.3
GaiaGuasti,5.7
ElisabethLajarigeDiot,5.7
PeterLuisi,7.6
LukasB.Suter,7.6
LarryLieber,7.3
EdgarWright,7.3
JoeCornish,7.3
AdamMcKay,7.3
DaniPatarra,7.1
FernandoAramburu,6.6
MichikoYamamoto,7.1
KlausSchädelin,6.9
ChristophFrey,6.9
ThomasHess,6.9
JannPreuss,6.9
MichaelSauter,6.9
ChristopherPriest,8.5
YôkoMure,7.1
EmikoHiramatsu,7.65
IchirôYamamoto,7.7
OlivierAdam,7.4
HiromuArakawa,7.4
ShôAikawa,7.4
JaredHedges,7.4
FabriceZiolkowski,7.7
WilhelmJensen,5.8
ColinK.Gray,6.9
ÉvaGárdos,6.9
GézaBereményi,6.9
JaneGoldman,7.6
KentOsborne,6.5
DanielPyne,7.2
GlennGers,7.2
RyôheiSaigan,7.7
RyôtaKosawa,7.7
RudyScalese,7.3
J.AlbertBell,7.3
RachelBelofsky,7.3
MichaelDerekBohusz,7.3
AdamRockoff,7.3
TonkeDragt,5.8
MaartenLebens,5.8
HungSung,7.6
ShaudiWang,7.6
RonMagid,8.5
"""ChristineOMalley""",7.4
EddieSchmidt,7.5
MattPatterson,7.5
AyaKitô,7.9
TakaoTanaka,7.9
BuntaYamamoto,7.9
JiríKubícek,7.1
HaraldRosenløw-Eeg,6.699999999999999
BashirBabar,7.3
IrisYamashita,7.9
TadamichiKuribayashi,7.9
TsuyokoYoshido,7.9
TenzingChoyangGyari,7.0
AhmetÜstel,7.0
IsaoKiriyama,6.3
TsutomuTakahashi,6.3
DrewMcWeeny,7.6
RebeccaSwan,7.6
JeromeBixby,7.9
RonLeshem,6.7
JonKrakauer,8.1
BrianMorton,7.0
FredParnes,7.0
ÉmileZola,7.1
FrançoisSarano,7.8
ChristopheCheysson,7.8
LaurentDebas,7.8
LaurentGaudé,7.8
MarkJacobson,7.8
StefanAust,7.4
WolfgangWiderhofer,7.6
MunekiYamada,7.9
ShixingGuo,7.2
MiYe,7.2
MarkoLeino,7.0
AkuLouhimies,7.0
JacquesTati,7.5
PhilippRoth,6.6
ChristianLerch,7.5
HosseinAmini,7.8
JamesSallis,7.8
ArturoPérez-Reverte,5.5
HenrydeMontherlant,6.9
RobertKanigel,7.2
CraigBorten,8.0
MelisaWallack,8.0
AlessandroCamon,7.1
JohnB.Bredar,6.8
YingliMa,7.1
FengMei,7.1
StonaFitch,5.8
Kam-YuenSzeto,7.3
JanneKopu,5.6
BrendanDonnison,5.6
LigiahVillalobos,7.3
RobertoOrci,7.9
AlexKurtzman,7.9
MichaelGenet,7.3
RickFamuyiwa,7.3
KazuyoshiKumakiri,6.9
TadFriend,7.2
MeikeHauck,6.5
IreneTurner,7.3
DanielTaplitz,7.4
LouisdeBernières,7.4
NancyOliver,7.3
AlisonWeir,8.4
AndrewBampfield,7.6
EdFields,7.6
YasutakaTsutsui,7.75
SatokoOkudera,7.8
TomJunod,7.3
DavidEbershoff,7.1
AdolfBurger,7.6
JoelSurnow,7.5
RobertCochran,7.5
HowardGordon,7.5
JamesCarrington,6.9
GrigoriyKonstantinopolskiy,5.8
MaksimKurochkin,5.8
UlyanaShilkina,5.8
GrantNieporte,7.6
RyanTavlin,8.2
MarkusZusak,7.6
MichaelPetroni,7.6
MichaelHenryCarter,3.9
KevinHarkey,7.8
MarkWalton,7.8
RalphZondag,7.8
AndrewScheinman,7.7
WendelinVanDraanen,7.7
AjeetGhorpade,6.5
SachinYardi,6.5
NishantABhuse,6.5
AlexandruBaciu,7.7
SeverGansovsky,7.6
MicheleLoFoco,4.2
MarquisdeSade,4.2
TonyKayden,6.6
JustinZackham,7.4
LawrenceBlock,6.7
PatrickRotman,6.9
RussellT.Davies,7.6
SydneyNewman,7.6
SethRogen,7.6
EvanGoldberg,7.6
KellyMoss,6.5
AnthonyWeintraub,7.6
TaiyôMatsumoto,7.6
DavidGrossman,7.1
NoahStollman,7.1
RomanCoppola,7.2
PeterCraig,7.5
ChuckHogan,7.5
SimonBurke,7.5
RupertHenning,7.4
JohannesNaber,7.4
BenediktRoeskau,7.4
ManiHaghighi,7.8
ZakPenn,8.0
AnaLuizaMartinsCosta,7.0
J.GuimarãesRosa,7.0
AinaXing,7.4
SiweiCui,7.4
HongJiang,7.4
HongweiWang,7.4
YaoWang,7.4
SeishiMinakami,7.7
AlexanderMasters,7.9
DanieleMaggioni,6.1
TeruyoNogami,7.6
YukikoYamamuro,7.0
SakuraMomoyama,7.0
KazuAndô,7.0
GeoffThompson,6.8
ShotaroSuga,8.0
YoshikiSakurai,7.85
ClaudioGalperin,7.4
AndréBatista,8.1
RodrigoPimentel,8.1
LuizEduardoSoares,8.1
Marie-JoseSanselme,5.6
Otsuichi,7.0
KenjiBando,7.5
DoBichThuy,6.8
SteveWilson,6.3
SeiTaekawa,6.0
KazuyaMinekura,6.9
KatsuyukiSumizawa,6.9
AxelleRopert,6.5
MichaelLewis,7.6
JingyuanYang,7.3
DanielKeyes,7.0
AnneGiafferi,7.0
FrancescoPiccolo,6.9
FedericaPontremoli,6.9
MarkBoal,7.6
AlecSulkin,8.2
ChristopherTrumbo,7.5
ShemiZarhin,7.4
AdamF.Goldberg,8.1
WilliamDavies,8.1
CressidaCowell,8.1
MarcHyman,8.1
JohnWebster,7.1
ElisabethBentley,7.6
AlexMetcalf,6.2
MattCharman,7.0
IrèneNémirovsky,7.0
Min-sukKim,7.3
MelanieFinn,7.3
GuillermodelToro,7.8
MichaelCollins,7.0
CamilleNatta,7.0
AudePy,7.0
OrenMoverman,7.4
MichaelA.Lerner,7.4
BrianWilson,7.4
EsterGould,7.7
JudithVreriks,7.7
ShaunMehta,7.5
MaureenDorey,7.5
RajeshTailang,7.5
RoshanSeth,7.5
JamieMathieson,7.1
JimReardon,8.4
RandyRussell,7.1
JackYoungelson,7.8
MarkBailey,7.8
JohnBoyne,7.8
LeenaLander,6.5
JariOlaviRantala,6.5
MikaëlOllivier,5.6
Jean-ClaudeChambon,5.6
BrunoLecigne,5.6
BodoBlüthner,7.1
BartDePauw,7.3
JurgaIvanauskaite,7.0
SuehiroMaruo,6.9
SangeetaSharma,6.4
BenRipley,7.5
MaxwellBraceIV,7.9
MarkHeyman,8.0
AndresHeinz,8.0
JohnJ.McLaughlin,8.0
WijoKoek,5.7
ElbeStevens,5.7
TijsvanMarle,5.7
MarcoPettenello,7.0
"""RikDHiet""",7.4
CarlJoos,7.4
BramRenders,7.4
NiklasRådström,7.5
AgnetaUlfsäter-Troell,7.5
MajaÖman,7.5
JulianFellowes,7.3
MagdalenaZyzak,7.1
AddisonWiggin,7.5
KateIncontrera,7.5
WilliamBonner,7.5
ScottSilver,7.8
PaulTamasy,7.8
EricJohnson,7.8
KeithDorrington,7.8
JeremyCarlile,7.4
GoshoAoyama,7.4
ToyohikoOkuyama,7.4
MitomuAsai,7.4
KazunariFuruuchi,7.4
JoséIgnacioValenzuela,6.7
BrianSelznick,7.5
JuanSolanas,6.5
SueBirtwistle,8.3
SusieConklin,8.3
MargeryWilliams,6.3
CindyKelley,6.3
BernhardSchlink,7.6
ElifAyan,7.5
ZülfüLivaneli,7.5
KubilayTunçer,7.5
SirriSüreyyaÖnder,7.5
EndaWalsh,7.6
MichaelRobertJohnson,7.6
AnthonyPeckham,7.6
SimonKinberg,7.6
LionelWigram,7.6
TriinTenso,7.9
MikkMägi,7.9
RiinaRies,7.9
JoonasPaas,7.9
KadiMetsla,7.9
BaharehAzimi,7.3
MichaelTaylor,7.6
GlenA.Larson,7.6
SeamusKevinFahey,7.6
TerenceWinter,8.2
JordanBelfort,8.2
LukeSacher,7.3
JonElse,7.7
LynnNicholas,7.7
